<?xml version="1.0"?><doc>
    <assembly>
        <name>DynamoArduino</name>
    </assembly>
    <members>
        <member name="T:Dynamo.Nodes.Properties.Resources">
            <summary>ローカライズされた文字列などを検索するための、厳密に型指定されたリソース クラス。</summary>
        </member>
        <member name="P:Dynamo.Nodes.Properties.Resources.ResourceManager">
            <summary>このクラスが使用する、キャッシュされた ResourceManager インスタンスを返します。</summary>
        </member>
        <member name="P:Dynamo.Nodes.Properties.Resources.Culture">
            <summary>厳密に型指定されたリソース クラスを使用して、すべてのリソース検索で
              現在のスレッドの CurrentUICulture プロパティを変更します。</summary>
        </member>
        <member name="P:Dynamo.Nodes.Properties.Resources.ArduinoDescription">
            <summary>「Arduino マイクロコントローラへの接続を管理します。」に類似するローカライズされた文字列を検索します。</summary>
        </member>
        <member name="P:Dynamo.Nodes.Properties.Resources.ArduinoPortDataExecToolTip">
            <summary>「実行間隔」に類似するローカライズされた文字列を検索します。</summary>
        </member>
        <member name="P:Dynamo.Nodes.Properties.Resources.ArduinoPortDataOutputToolTip">
            <summary>「後で読み取り/書き込みに使用するシリアル ポート」に類似するローカライズされた文字列を検索します。</summary>
        </member>
        <member name="P:Dynamo.Nodes.Properties.Resources.ArduinoReadPortDataOutputToolTip">
            <summary>「シリアル出力行」に類似するローカライズされた文字列を検索します。</summary>
        </member>
        <member name="P:Dynamo.Nodes.Properties.Resources.ArduinoWritePortDataOutputToolTip">
            <summary>「操作が成功したかどうか。」に類似するローカライズされた文字列を検索します。</summary>
        </member>
        <member name="P:Dynamo.Nodes.Properties.Resources.ArduionReadPortDataDelimiterToolTip">
            <summary>「Arduino から取得するデータの区切り記号。」に類似するローカライズされた文字列を検索します。</summary>
        </member>
        <member name="P:Dynamo.Nodes.Properties.Resources.ArduionWritePortDataTextToolTip">
            <summary>「書き込む文字」に類似するローカライズされた文字列を検索します。</summary>
        </member>
        <member name="P:Dynamo.Nodes.Properties.Resources.PortDataArduinoToolTip">
            <summary>「Arduino シリアル接続」に類似するローカライズされた文字列を検索します。</summary>
        </member>
        <member name="P:Dynamo.Nodes.Properties.Resources.ReadArduinoDescription">
            <summary>「Arduino マイクロコントローラから値を読み込みます。」に類似するローカライズされた文字列を検索します。</summary>
        </member>
        <member name="P:Dynamo.Nodes.Properties.Resources.WriteArduinoDescription">
            <summary>「Arduino マイクロコントローラに値を書き込みます。」に類似するローカライズされた文字列を検索します。</summary>
        </member>
    </members>
</doc>