<?xml version="1.0"?><doc>
    <assembly>
        <name>DynamoArduino</name>
    </assembly>
    <members>
        <member name="T:Dynamo.Nodes.Properties.Resources">
            <summary>Una clase de recurso con tipado fuerte que permite buscar cadenas localizadas, etc.</summary>
        </member>
        <member name="P:Dynamo.Nodes.Properties.Resources.ResourceManager">
            <summary>Devuelve el ejemplar de ResourceManager en caché utilizado por esta clase.</summary>
        </member>
        <member name="P:Dynamo.Nodes.Properties.Resources.Culture">
            <summary>Elimina la propiedad CurrentUICulture del hilo actual para todas
              las búsquedas de recurso que utilizan esta clase de recurso con tipado fuerte.</summary>
        </member>
        <member name="P:Dynamo.Nodes.Properties.Resources.ArduinoDescription">
            <summary>Busca una cadena localizada similar a Gestiona la conexión a un microcontrolador Arduino.</summary>
        </member>
        <member name="P:Dynamo.Nodes.Properties.Resources.ArduinoPortDataExecToolTip">
            <summary>Busca una cadena localizada similar a Intervalo de ejecución.</summary>
        </member>
        <member name="P:Dynamo.Nodes.Properties.Resources.ArduinoPortDataOutputToolTip">
            <summary>Busca una cadena localizada similar a Puerto serie para posterior lectura/escritura.</summary>
        </member>
        <member name="P:Dynamo.Nodes.Properties.Resources.ArduinoReadPortDataOutputToolTip">
            <summary>Busca una cadena localizada similar a Línea de salida serie.</summary>
        </member>
        <member name="P:Dynamo.Nodes.Properties.Resources.ArduinoWritePortDataOutputToolTip">
            <summary>Busca una cadena localizada similar a Si la operación se ha completado o no correctamente.</summary>
        </member>
        <member name="P:Dynamo.Nodes.Properties.Resources.ArduionReadPortDataDelimiterToolTip">
            <summary>Busca una cadena localizada similar a El delimitador de los datos procedentes de Arduino.</summary>
        </member>
        <member name="P:Dynamo.Nodes.Properties.Resources.ArduionWritePortDataTextToolTip">
            <summary>Busca una cadena localizada similar a El texto que se escribe.</summary>
        </member>
        <member name="P:Dynamo.Nodes.Properties.Resources.PortDataArduinoToolTip">
            <summary>Busca una cadena localizada similar a Conexión serie Arduino.</summary>
        </member>
        <member name="P:Dynamo.Nodes.Properties.Resources.ReadArduinoDescription">
            <summary>Busca una cadena localizada similar a Lee valores de un microcontrolador Arduino.</summary>
        </member>
        <member name="P:Dynamo.Nodes.Properties.Resources.WriteArduinoDescription">
            <summary>Busca una cadena localizada similar a Escribe valores en un microcontrolador Arduino.</summary>
        </member>
    </members>
</doc>