<?xml version="1.0"?><doc>
    <assembly>
        <name>DynamoArduino</name>
    </assembly>
    <members>
        <member name="T:Dynamo.Nodes.Properties.Resources">
            <summary>Класс ресурса со строгим контролем типа, используемый для поиска локализованных строк и т. п.</summary>
        </member>
        <member name="P:Dynamo.Nodes.Properties.Resources.ResourceManager">
            <summary>Возврат кэшированного экземпляра ResourceManager, используемого в данном классе.</summary>
        </member>
        <member name="P:Dynamo.Nodes.Properties.Resources.Culture">
            <summary>Переопределение свойства CurrentUICulture текущего потока для всех
               случаев поиска ресурсов при использовании данного класса ресурса со строгим контролем типа.</summary>
        </member>
        <member name="P:Dynamo.Nodes.Properties.Resources.ArduinoDescription">
            <summary>Поиск локализованной строки, подобной строке «Управление подключением к микроконтроллеру Arduino».</summary>
        </member>
        <member name="P:Dynamo.Nodes.Properties.Resources.ArduinoPortDataExecToolTip">
            <summary>Поиск локализованной строки, подобной строке «Интервал выполнения».</summary>
        </member>
        <member name="P:Dynamo.Nodes.Properties.Resources.ArduinoPortDataOutputToolTip">
            <summary>Поиск локализованной строки, подобной строке «Последовательный порт для отложенного чтения/записи».</summary>
        </member>
        <member name="P:Dynamo.Nodes.Properties.Resources.ArduinoReadPortDataOutputToolTip">
            <summary>Поиск локализованной строки, подобной строке «Линия последовательного вывода».</summary>
        </member>
        <member name="P:Dynamo.Nodes.Properties.Resources.ArduinoWritePortDataOutputToolTip">
            <summary>Поиск локализованной строки, подобной строке «Успешно ли выполнена операция».</summary>
        </member>
        <member name="P:Dynamo.Nodes.Properties.Resources.ArduionReadPortDataDelimiterToolTip">
            <summary>Поиск локализованной строки, подобной строке «Разделитель данных из Arduino».</summary>
        </member>
        <member name="P:Dynamo.Nodes.Properties.Resources.ArduionWritePortDataTextToolTip">
            <summary>Поиск локализованной строки, подобной строке «Текст для записи».</summary>
        </member>
        <member name="P:Dynamo.Nodes.Properties.Resources.PortDataArduinoToolTip">
            <summary>Поиск локализованной строки, подобной строке «Последовательное соединение Arduino».</summary>
        </member>
        <member name="P:Dynamo.Nodes.Properties.Resources.ReadArduinoDescription">
            <summary>Поиск локализованной строки, подобной строке «Считывание значений из микроконтроллера Arduino».</summary>
        </member>
        <member name="P:Dynamo.Nodes.Properties.Resources.WriteArduinoDescription">
            <summary>Поиск локализованной строки, подобной строке «Запись значений в микроконтроллер Arduino».</summary>
        </member>
    </members>
</doc>