<?xml version="1.0"?><doc>
    <assembly>
        <name>DynamoArduino</name>
    </assembly>
    <members>
        <member name="T:Dynamo.Nodes.Properties.Resources">
            <summary>Klasa zasobów z jasno zdefiniowanymi typami do wyszukiwania zlokalizowanych ciągów itd.</summary>
        </member>
        <member name="P:Dynamo.Nodes.Properties.Resources.ResourceManager">
            <summary>Zwraca buforowane wystąpienie ResourceManager użyte przez tę klasę.</summary>
        </member>
        <member name="P:Dynamo.Nodes.Properties.Resources.Culture">
            <summary>Umożliwia nadpisanie właściwości bieżącego wątku' CurrentUICulture dla wszystkich
              wyszukań zasobów za pomocą jasno zdefiniowanej klasy zasobów.</summary>
        </member>
        <member name="P:Dynamo.Nodes.Properties.Resources.ArduinoDescription">
            <summary>Wyszukuje zlokalizowany ciąg podobny do opcji Zarządza połączeniem z mikrokontrolerem Arduino..</summary>
        </member>
        <member name="P:Dynamo.Nodes.Properties.Resources.ArduinoPortDataExecToolTip">
            <summary>Wyszukuje zlokalizowany ciąg podobny do opcji Odstęp w wykonywaniu.</summary>
        </member>
        <member name="P:Dynamo.Nodes.Properties.Resources.ArduinoPortDataOutputToolTip">
            <summary>Wyszukuje zlokalizowany ciąg podobny do opcji Port szeregowy do późniejszego odczytu/zapisu.</summary>
        </member>
        <member name="P:Dynamo.Nodes.Properties.Resources.ArduinoReadPortDataOutputToolTip">
            <summary>Wyszukuje zlokalizowany ciąg podobny do opcji Seryjna linia wyjściowa.</summary>
        </member>
        <member name="P:Dynamo.Nodes.Properties.Resources.ArduinoWritePortDataOutputToolTip">
            <summary>Wyszukuje zlokalizowany ciąg podobny do opcji Określa, czy operacja została zakończona pomyślnie..</summary>
        </member>
        <member name="P:Dynamo.Nodes.Properties.Resources.ArduionReadPortDataDelimiterToolTip">
            <summary>Wyszukuje zlokalizowany ciąg podobny do opcji Separator w danych pochodzących z Arduino..</summary>
        </member>
        <member name="P:Dynamo.Nodes.Properties.Resources.ArduionWritePortDataTextToolTip">
            <summary>Wyszukuje zlokalizowany ciąg podobny do opcji Tekst, który ma być zapisany.</summary>
        </member>
        <member name="P:Dynamo.Nodes.Properties.Resources.PortDataArduinoToolTip">
            <summary>Wyszukuje zlokalizowany ciąg podobny do opcji Połączenie szeregowe Arduino.</summary>
        </member>
        <member name="P:Dynamo.Nodes.Properties.Resources.ReadArduinoDescription">
            <summary>Wyszukuje zlokalizowany ciąg podobny do opcji Odczytuje wartości z mikrokontrolera Arduino..</summary>
        </member>
        <member name="P:Dynamo.Nodes.Properties.Resources.WriteArduinoDescription">
            <summary>Wyszukuje zlokalizowany ciąg podobny do opcji Zapisuje wartości do mikrokontrolera Arduino..</summary>
        </member>
    </members>
</doc>