<?xml version="1.0"?><doc>
    <assembly>
        <name>DynamoArduino</name>
    </assembly>
    <members>
        <member name="T:Dynamo.Nodes.Properties.Resources">
            <summary>Classe di risorse fortemente tipizzata per la ricerca di stringhe localizzate e così via.</summary>
        </member>
        <member name="P:Dynamo.Nodes.Properties.Resources.ResourceManager">
            <summary>Restituisce l'istanza di ResourceManager memorizzata nella cache utilizzata da questa classe.</summary>
        </member>
        <member name="P:Dynamo.Nodes.Properties.Resources.Culture">
            <summary>Sostituisce la proprietà CurrentUICulture del thread corrente per tutte
              le ricerche di risorse che utilizzano questa classe di risorse fortemente tipizzata.</summary>
        </member>
        <member name="P:Dynamo.Nodes.Properties.Resources.ArduinoDescription">
            <summary>Cerca una stringa localizzata simile a Gestisce la connessione ad un microcontroller Arduino.</summary>
        </member>
        <member name="P:Dynamo.Nodes.Properties.Resources.ArduinoPortDataExecToolTip">
            <summary>Cerca una stringa localizzata simile a Intervallo di esecuzione.</summary>
        </member>
        <member name="P:Dynamo.Nodes.Properties.Resources.ArduinoPortDataOutputToolTip">
            <summary>Cerca una stringa localizzata simile a Porta seriale per lettura/scrittura successive.</summary>
        </member>
        <member name="P:Dynamo.Nodes.Properties.Resources.ArduinoReadPortDataOutputToolTip">
            <summary>Cerca una stringa localizzata simile a Linea di output seriale.</summary>
        </member>
        <member name="P:Dynamo.Nodes.Properties.Resources.ArduinoWritePortDataOutputToolTip">
            <summary>Cerca una stringa localizzata simile a Indica se l'operazione è stata completata correttamente.</summary>
        </member>
        <member name="P:Dynamo.Nodes.Properties.Resources.ArduionReadPortDataDelimiterToolTip">
            <summary>Cerca una stringa localizzata simile a Il delimitatore dei dati proviene da Arduino.</summary>
        </member>
        <member name="P:Dynamo.Nodes.Properties.Resources.ArduionWritePortDataTextToolTip">
            <summary>Cerca una stringa localizzata simile a Testo da scrivere.</summary>
        </member>
        <member name="P:Dynamo.Nodes.Properties.Resources.PortDataArduinoToolTip">
            <summary>Cerca una stringa localizzata simile a Connessione seriale Arduino.</summary>
        </member>
        <member name="P:Dynamo.Nodes.Properties.Resources.ReadArduinoDescription">
            <summary>Cerca una stringa localizzata simile a Legge i valori di un microcontroller Arduino.</summary>
        </member>
        <member name="P:Dynamo.Nodes.Properties.Resources.WriteArduinoDescription">
            <summary>Cerca una stringa localizzata simile a Scrive valori su un microcontroller Arduino.</summary>
        </member>
    </members>
</doc>