<?xml version="1.0"?><doc>
    <assembly>
        <name>GeometryColor</name>
    </assembly>
    <members>
        <member name="M:Modifiers.GeometryColor.ByGeometryColor(Autodesk.DesignScript.Geometry.Geometry,DSCore.Color)">
            <summary>Visualizza la geometria con un colore.</summary>
            <param name="geometry">La geometria alla quale si desidera applicare il colore.</param>
            <param name="color">Il colore.</param>
            <returns>Un oggetto di visualizzazione.</returns>
        </member>
        <member name="M:Modifiers.GeometryColor.BySurfaceColors(Autodesk.DesignScript.Geometry.Surface,DSCore.Color[][])">
            <summary>Visualizza i valori dei colori su una superficie.

            I colori forniti vengono convertiti internamente in una composizione dell'immagine
            associata alla superficie.</summary>
            <param name="surface">La superficie sulla quale applicare i colori.</param>
            <param name="colors">Un elenco bidimensionale di colori.

            L'elenco di colori deve essere quadrato. Il tentativo di passare una serie irregolare
            determinerà un'eccezione.</param>
            <returns>Un oggetto di visualizzazione.</returns>
        </member>
        <member name="M:Modifiers.GeometryColor.ByPointsColors(Autodesk.DesignScript.Geometry.Point[],DSCore.Color[])">
            <summary>Creare una mesh colorata utilizzando punti e colori.

            L'elenco di punti specificato viene utilizzato per costruire una mesh triangolata, con
            vertici non uniti.</summary>
            <param name="points">Un elenco di punti. 
            
            Attualmente sono supportate solo mesh triangolari. Ogni terzina di punti nell'elenco formerà un
            triangolo nella mesh. I punti devono essere ordinati in senso antiorario. 
            Il tentativo di passare un elenco di vertici il cui conteggio non sia divisibile per 3 genererà un'eccezione.</param>
            <param name="colors">Un elenco di colori. 
            
            Il numero di colori deve corrispondere al numero dei vertici. Il tentativo di passare un elenco che non
            ha lo stesso numero di colori dell'elenco di punti genererà un'eccezione.</param>
            <returns>Un oggetto di visualizzazione.</returns>
        </member>
        <member name="M:Modifiers.GeometryColor.ComputeColorMap(Autodesk.DesignScript.Geometry.Surface,System.Collections.Generic.IEnumerable{Autodesk.DesignScript.Geometry.UV},DSCore.Color[],System.Int32,System.Int32)">
            <summary>Calcola un insieme di mappe dei colori da un insieme di oggetti SurfaceData.</summary>
            <returns/>
        </member>
        <member name="M:Modifiers.GeometryColor.ComputeSamplesFromNormalizedValue(System.Double,System.Int32,System.Int32)">
            <summary>Questo metodo riassocia un numero compreso tra 0.0 e 1.0 ad un valore intero compreso tra lowestPower e highestPower</summary>
        </member>
        <member name="T:GeometryColor.Properties.Resources">
            <summary>Una classe di risorse fortemente tipizzata per la ricerca di stringhe localizzate e così via.</summary>
        </member>
        <member name="P:GeometryColor.Properties.Resources.ResourceManager">
            <summary>Restituisce l'istanza di ResourceManager memorizzata nella cache utilizzata da questa classe.</summary>
        </member>
        <member name="P:GeometryColor.Properties.Resources.Culture">
            <summary>Sostituisce la proprietà CurrentUICulture del thread corrente per tutte
              le ricerche di risorse che utilizzano questa classe di risorse fortemente tipizzata.</summary>
        </member>
        <member name="P:GeometryColor.Properties.Resources.JaggedListExceptionMessage">
            <summary>Cerca una stringa localizzata simile a L'elenco di colori non deve essere irregolare.</summary>
        </member>
        <member name="P:GeometryColor.Properties.Resources.NoColorsExceptionMessage">
            <summary>Cerca una stringa localizzata simile a È necessario fornire alcuni colori.</summary>
        </member>
        <member name="P:GeometryColor.Properties.Resources.NoVertexExceptionMessage">
            <summary>Cerca una stringa localizzata simile a È necessario fornire alcuni vertici.</summary>
        </member>
        <member name="P:GeometryColor.Properties.Resources.TwoDimensionalListExceptionMessage">
            <summary>Cerca una stringa localizzata simile a È necessario fornire un elenco bidimensionale di colori.</summary>
        </member>
        <member name="P:GeometryColor.Properties.Resources.VertexColorCountMismatchExceptionMessage">
            <summary>Cerca una stringa localizzata simile a Il numero dei colori forniti deve corrispondere al numero dei vertici.</summary>
        </member>
        <member name="P:GeometryColor.Properties.Resources.VerticesDivisibleByThreeExceptionMessage">
            <summary>Cerca una stringa localizzata simile a Il numero dei vertici forniti deve essere divisibile per tre.</summary>
        </member>
    </members>
</doc>