<?xml version="1.0"?><doc>
    <assembly>
        <name>Analysis</name>
    </assembly>
    <members>
        <member name="T:Analysis.AnalysisResources">
            <summary>Uma classe de recurso digitada com ênfase, para pesquisar sequências de caracteres etc.</summary>
        </member>
        <member name="P:Analysis.AnalysisResources.ResourceManager">
            <summary>Retorna a instância do cache ResourceManager usada por esta classe.</summary>
        </member>
        <member name="P:Analysis.AnalysisResources.Culture">
            <summary>Substitui a propriedade CurrentUICulture dos threads atuais para todas
              as pesquisas de recurso que usam esta classe de recurso digitada com ênfase.</summary>
        </member>
        <member name="P:Analysis.AnalysisResources.EmptyColorsMessage">
            <summary>A pesquisa de sequência de caracteres localizada similar Não há cores especificadas.</summary>
        </member>
        <member name="P:Analysis.AnalysisResources.EmptyPointsMessage">
            <summary>A pesquisa de sequência de caracteres localizada similar a Não existem pontos especificados.</summary>
        </member>
        <member name="P:Analysis.AnalysisResources.EmptyUVsMessage">
            <summary>A pesquisa de sequência de caracteres localizada similar a Não há UV especificado.</summary>
        </member>
        <member name="P:Analysis.AnalysisResources.EmptyValuesMessage">
            <summary>A pesquisa de sequência de caracteres localizada similar a Não há valores especificados.</summary>
        </member>
        <member name="P:Analysis.AnalysisResources.InputsNotEquivalentMessage">
            <summary>A pesquisa de sequência de caracteres localizada similar a Você deve fornecer um número equivalente de pontos e valores.</summary>
        </member>
        <member name="P:Analysis.IStructuredData`2.ValueLocations">
            <summary>Uma coleção de localizações de cálculo.</summary>
        </member>
        <member name="P:Analysis.IStructuredData`2.Values">
            <summary>Uma lista de valores correspondentes para cada localização.</summary>
        </member>
        <member name="P:Analysis.ISurfaceData`2.Surface">
            <summary>A superfície da análise.</summary>
        </member>
        <member name="P:Analysis.ICurveData`2.Curve">
            <summary>A curva da análise.</summary>
        </member>
        <member name="T:Analysis.IAnalysisModel`2">
            <summary>Um modelo de análise.</summary>
            <typeparam name="TLocation">The analysis location type. (i.e. UV, Point)</typeparam>
            <typeparam name="TValue">The analysis return type. (i.e. double, vector, SIUnit)</typeparam>
        </member>
        <member name="M:Analysis.Label.ByPointAndString(Autodesk.DesignScript.Geometry.Point,System.String)">
            <summary>Retorna um objeto de legenda dado um objeto de ponto e uma legenda de sequência de caracteres.</summary>
            <param name="point"/>
            <param name="label"/>
            <returns/>
        </member>
        <member name="T:Analysis.PointData">
            <summary>Uma classe para o armazenamento de dados da análise de ponto estruturado.</summary>
        </member>
        <member name="P:Analysis.PointData.ValueLocations">
            <summary>Uma lista de pontos.</summary>
        </member>
        <member name="P:Analysis.PointData.Values">
            <summary>Um dicionário de listas de valores duplos.</summary>
        </member>
        <member name="M:Analysis.PointData.ByPointsAndValues(System.Collections.Generic.IEnumerable{Autodesk.DesignScript.Geometry.Point},System.Collections.Generic.IList{System.Double})">
            <summary>Crie um objeto PointAnalysisData.</summary>
            <param name="points">Uma lista de pontos.</param>
            <param name="values">Uma lista de valores duplos.</param>
        </member>
        <member name="T:Analysis.Properties.Resources">
            <summary>Uma classe de recurso digitada com ênfase, para pesquisar sequências de caracteres etc.</summary>
        </member>
        <member name="P:Analysis.Properties.Resources.ResourceManager">
            <summary>Retorna a instância do cache ResourceManager usada por esta classe.</summary>
        </member>
        <member name="P:Analysis.Properties.Resources.Culture">
            <summary>Substitui a propriedade CurrentUICulture dos threads atuais para todas
              as pesquisas de recurso que usam esta classe de recurso digitada com ênfase.</summary>
        </member>
        <member name="P:Analysis.Properties.Resources.ByPointsAndValueObsolete">
            <summary>A pesquisa de sequência de caracteres localizada similar a Usar os nós de Ponto e Número como entradas diretas para os que anteriormente usavam os nós PointData.</summary>
        </member>
        <member name="P:Analysis.Properties.Resources.BySurfacePointObsolete">
            <summary>A pesquisa de sequência de caracteres localizada similar a Usar os nós Surface e UV como entradas diretas para os nós que anteriormente usavam os nós SurfaceData.</summary>
        </member>
        <member name="P:Analysis.Properties.Resources.BySurfacePointsAndValues">
            <summary>A pesquisa de sequência de caracteres localizada similar a Usar os nós Surface e UV como entradas diretas para os nós que anteriormente usavam os nós SurfaceData.</summary>
        </member>
        <member name="P:Analysis.Properties.Resources.SurfaceObsolete">
            <summary>A pesquisa de sequência de caracteres localizada similar a Usar a superfície disponível em qualquer outro lugar do gráfico.</summary>
        </member>
        <member name="P:Analysis.Properties.Resources.ValueLocationObsolete">
            <summary>A pesquisa de sequência de caracteres localizada similar a Usar os pontos disponíveis em qualquer outro lugar do gráfico.</summary>
        </member>
        <member name="P:Analysis.Properties.Resources.ValueLocationsObsolete">
            <summary>A pesquisa de sequência de caracteres localizada similar a Usar as localizações de UV disponíveis em qualquer outro lugar do gráfico.</summary>
        </member>
        <member name="P:Analysis.Properties.Resources.ValuesObsolete">
            <summary>A pesquisa de sequência de caracteres localizada similar a Usar os valores fornecidos pelo o nó que conduz a análise.</summary>
        </member>
        <member name="P:Analysis.Properties.Resources.ValueSurfaceObsolete">
            <summary>A pesquisa de sequência de caracteres localizada similar a Usar os valores fornecidos pelo nó que conduz a análise.</summary>
        </member>
        <member name="P:Analysis.Properties.Resources.VectorValueObsolete">
            <summary>A pesquisa de sequência de caracteres localizada similar a Usar os nós Vetor e Número como entradas diretas para os nós que anteriormente usavam os nós VectorData.</summary>
        </member>
        <member name="T:Analysis.SurfaceData">
            <summary>Uma classe para o armazenamento de dados da análise da superfície estruturada.</summary>
        </member>
        <member name="P:Analysis.SurfaceData.Surface">
            <summary>A superfície que contém as localizações.</summary>
        </member>
        <member name="P:Analysis.SurfaceData.ValueLocations">
            <summary>Uma lista de localizações UV na superfície.</summary>
        </member>
        <member name="P:Analysis.SurfaceData.Values">
            <summary>Um dicionário de listas de duplos.</summary>
        </member>
        <member name="M:Analysis.SurfaceData.BySurfaceAndPoints(Autodesk.DesignScript.Geometry.Surface,System.Collections.Generic.IEnumerable{Autodesk.DesignScript.Geometry.UV})">
            <summary>Crie um objeto SurfaceData sem valores.</summary>
            <param name="surface">A superfície que contém as localizações.</param>
            <param name="uvs">Uma lista de localizações UV na superfície.</param>
            <returns/>
        </member>
        <member name="M:Analysis.SurfaceData.BySurfacePointsAndValues(Autodesk.DesignScript.Geometry.Surface,System.Collections.Generic.IEnumerable{Autodesk.DesignScript.Geometry.UV},System.Collections.Generic.IList{System.Double})">
            <summary>Crie um objeto SurfaceData.</summary>
            <param name="surface">A superfície que contém as localizações.</param>
            <param name="uvs">Uma lista de localizações UV na superfície.</param>
            <param name="values">Uma lista de valores duplos.</param>
        </member>
        <member name="M:Analysis.AnalysisExtensions.IsAlmostEqualTo(Autodesk.DesignScript.Geometry.UV,Autodesk.DesignScript.Geometry.UV)">
            <summary>Toma dois planos (do tipo UV) e retorna Verdadeiro se a diferença entre os dois planos for menor que 1.0e-6 e, senão, retorna Falso.</summary>
            <param name="a"/>
            <param name="b"/>
            <returns/>
        </member>
        <member name="T:Analysis.Utils.ValueLocation`1">
            <summary>Uma classe para armazenar um valor em uma localização.</summary>
        </member>
        <member name="T:Analysis.VectorData">
            <summary>Uma classe para o armazenamento de dados da análise do vetor estruturado.</summary>
        </member>
        <member name="P:Analysis.VectorData.ValueLocations">
            <summary>Uma lista de localizações de cálculo.</summary>
        </member>
        <member name="P:Analysis.VectorData.Values">
            <summary>Um dicionário de resultados.</summary>
        </member>
        <member name="M:Analysis.VectorData.ByPointsAndValues(System.Collections.Generic.IEnumerable{Autodesk.DesignScript.Geometry.Point},System.Collections.Generic.IList{Autodesk.DesignScript.Geometry.Vector})">
            <summary>Crie um objeto VectorAnalysisData.</summary>
            <param name="points">Uma lista de pontos.</param>
            <param name="values">Uma lista de valores de vetor.</param>
        </member>
    </members>
</doc>