<?xml version="1.0"?><doc>
    <assembly>
        <name>DynamoArduino</name>
    </assembly>
    <members>
        <member name="T:Dynamo.Nodes.Properties.Resources">
            <summary>Uma classe de recurso fortemente tipada, para procurar as sequências localizadas, etc.</summary>
        </member>
        <member name="P:Dynamo.Nodes.Properties.Resources.ResourceManager">
            <summary>Retorna o cache da instância ResourceManager usado por esta classe.</summary>
        </member>
        <member name="P:Dynamo.Nodes.Properties.Resources.Culture">
            <summary>Sobrepõe a propriedade da CurrentUICulture da conversa para todos as consultas de recurso usando esta classe de recurso fortemente tipada.</summary>
        </member>
        <member name="P:Dynamo.Nodes.Properties.Resources.ArduinoDescription">
            <summary>Procura uma sequência localizada similar a Gerencia uma conexão de um microcontrolador Arduino.</summary>
        </member>
        <member name="P:Dynamo.Nodes.Properties.Resources.ArduinoPortDataExecToolTip">
            <summary>Procura uma sequência localizada similar a Intervalo de execução.</summary>
        </member>
        <member name="P:Dynamo.Nodes.Properties.Resources.ArduinoPortDataOutputToolTip">
            <summary>Procura uma sequência localizada similar a Porta serial para posterior leitura/gravação.</summary>
        </member>
        <member name="P:Dynamo.Nodes.Properties.Resources.ArduinoReadPortDataOutputToolTip">
            <summary>Procura uma sequência localizada similar a Linha de saída serial.</summary>
        </member>
        <member name="P:Dynamo.Nodes.Properties.Resources.ArduinoWritePortDataOutputToolTip">
            <summary>Procura uma sequência localizada similar a Se a operação foi concluída com êxito ou não.</summary>
        </member>
        <member name="P:Dynamo.Nodes.Properties.Resources.ArduionReadPortDataDelimiterToolTip">
            <summary>Procura uma sequência localizada similar a O delimitador de seus dados provenientes da Arduino..</summary>
        </member>
        <member name="P:Dynamo.Nodes.Properties.Resources.ArduionWritePortDataTextToolTip">
            <summary>Procura uma sequência localizada similar a Texto a ser inserido.</summary>
        </member>
        <member name="P:Dynamo.Nodes.Properties.Resources.PortDataArduinoToolTip">
            <summary>Procura uma sequência localizada similar a Conexão serial Arduino.</summary>
        </member>
        <member name="P:Dynamo.Nodes.Properties.Resources.ReadArduinoDescription">
            <summary>Procura uma sequência localizada similar a Lê valores de um microcontrolador Arduino..</summary>
        </member>
        <member name="P:Dynamo.Nodes.Properties.Resources.WriteArduinoDescription">
            <summary>Procura uma sequência localizada similar a Grava valores em um microcontrolador Arduino..</summary>
        </member>
    </members>
</doc>