<?xml version="1.0"?><doc>
    <assembly>
        <name>DynamoArduino</name>
    </assembly>
    <members>
        <member name="T:Dynamo.Nodes.Properties.Resources">
            <summary>Une classe de ressource fortement typée, pour la recherche de chaînes localisées, etc.</summary>
        </member>
        <member name="P:Dynamo.Nodes.Properties.Resources.ResourceManager">
            <summary>Renvoie l'instance ResourceManager mise en cache utilisée par cette classe.</summary>
        </member>
        <member name="P:Dynamo.Nodes.Properties.Resources.Culture">
            <summary>Remplace la propriété CurrentUICulture du thread actuel pour toutes
              les recherches de ressources qui utilisent cette classe de ressource fortement typée.</summary>
        </member>
        <member name="P:Dynamo.Nodes.Properties.Resources.ArduinoDescription">
            <summary>Recherche une chaîne localisée similaire à Gère la connexion à un microcontrôleur Arduino..</summary>
        </member>
        <member name="P:Dynamo.Nodes.Properties.Resources.ArduinoPortDataExecToolTip">
            <summary>Recherche une chaîne localisée similaire à Intervalle d'exécution.</summary>
        </member>
        <member name="P:Dynamo.Nodes.Properties.Resources.ArduinoPortDataOutputToolTip">
            <summary>Recherche une chaîne localisée similaire à Port série pour lecture/écriture ultérieure.</summary>
        </member>
        <member name="P:Dynamo.Nodes.Properties.Resources.ArduinoReadPortDataOutputToolTip">
            <summary>Recherche une chaîne localisée similaire à Ligne de sortie série.</summary>
        </member>
        <member name="P:Dynamo.Nodes.Properties.Resources.ArduinoWritePortDataOutputToolTip">
            <summary>Recherche une chaîne localisée similaire à Si l'opération a réussi ou non..</summary>
        </member>
        <member name="P:Dynamo.Nodes.Properties.Resources.ArduionReadPortDataDelimiterToolTip">
            <summary>Recherche une chaîne localisée similaire à Séparateur dans vos données provenant d'Arduino..</summary>
        </member>
        <member name="P:Dynamo.Nodes.Properties.Resources.ArduionWritePortDataTextToolTip">
            <summary>Recherche une chaîne localisée similaire à Texte à écrire.</summary>
        </member>
        <member name="P:Dynamo.Nodes.Properties.Resources.PortDataArduinoToolTip">
            <summary>Recherche une chaîne localisée similaire à Connexion série Arduino.</summary>
        </member>
        <member name="P:Dynamo.Nodes.Properties.Resources.ReadArduinoDescription">
            <summary>Recherche une chaîne localisée similaire à Lit les valeurs à partir d'un microcontrôleur Arduino..</summary>
        </member>
        <member name="P:Dynamo.Nodes.Properties.Resources.WriteArduinoDescription">
            <summary>Recherche une chaîne localisée similaire à Ecrit les valeurs dans un microcontrôleur Arduino..</summary>
        </member>
    </members>
</doc>