<?xml version="1.0"?><doc>
    <assembly>
        <name>GeometryColor</name>
    </assembly>
    <members>
        <member name="M:Modifiers.GeometryColor.ByGeometryColor(Autodesk.DesignScript.Geometry.Geometry,DSCore.Color)">
            <summary>Afficher la géométrie à l'aide d'une couleur.</summary>
            <param name="geometry">La géométrie à laquelle vous souhaitez appliquer une couleur.</param>
            <param name="color">La couleur.</param>
            <returns>Un objet d'affichage.</returns>
        </member>
        <member name="M:Modifiers.GeometryColor.BySurfaceColors(Autodesk.DesignScript.Geometry.Surface,DSCore.Color[][])">
            <summary>Affichez des valeurs de couleur sur une surface.
            
            Les couleurs fournies sont converties en interne en une texture d'image qui
            est mappée avec la surface.</summary>
            <param name="surface">La surface sur laquelle vous souhaitez appliquer les couleurs.</param>
            <param name="colors">Une liste bidimensionnelle de couleurs.
            
            La liste de couleurs doit être carrée. Toute tentative d'envoi d'une
            matrice irrégulière générera une exception.</param>
            <returns>Un objet d'affichage.</returns>
        </member>
        <member name="M:Modifiers.GeometryColor.ByPointsColors(Autodesk.DesignScript.Geometry.Point[],DSCore.Color[])">
            <summary>Créez un maillage en couleur à l'aide de points et de couleurs.
            
            La liste des points fournie est utilisée pour créer un maillage triangulé, avec
            des sommets non joints.</summary>
            <param name="points">Une liste de points. 
            
            Seuls les maillages triangulaires sont actuellement pris en charge. Chaque triplet de points dans la liste formera un 
            triangle dans le maillage. Les points doivent être ordonnés dans un sens trigonométrique. 
            Toute tentative d'envoi d'une liste de sommets dont le nombre d'éléments n'est pas divisible par 3 générera une exception.</param>
            <param name="colors">Une liste de couleurs. 
            
            Le nombre de couleurs doit correspondre au nombre de sommets. Toute tentative d'envoi d'une liste de couleurs
            où le nombre de couleurs est différent de celui de la liste de points générera une exception.</param>
            <returns>Un objet d'affichage.</returns>
        </member>
        <member name="M:Modifiers.GeometryColor.ComputeColorMap(Autodesk.DesignScript.Geometry.Surface,System.Collections.Generic.IEnumerable{Autodesk.DesignScript.Geometry.UV},DSCore.Color[],System.Int32,System.Int32)">
            <summary>Calculez un jeu de mappages de couleurs à partir d'un jeu d'objets SurfaceData.</summary>
            <returns/>
        </member>
        <member name="M:Modifiers.GeometryColor.ComputeSamplesFromNormalizedValue(System.Double,System.Int32,System.Int32)">
            <summary>Cette méthode mappe un chiffre compris entre 0.0 et 1.0 avec une valeur entière comprise entre les valeurs lowestPower et highestPower.</summary>
        </member>
        <member name="T:GeometryColor.Properties.Resources">
            <summary>Une classe de ressource fortement typée, pour la recherche de chaînes localisées, etc.</summary>
        </member>
        <member name="P:GeometryColor.Properties.Resources.ResourceManager">
            <summary>Renvoie l'instance ResourceManager mise en cache utilisée par cette classe.</summary>
        </member>
        <member name="P:GeometryColor.Properties.Resources.Culture">
            <summary>Remplace la propriété CurrentUICulture du thread actuel pour toutes
              les recherches de ressources qui utilisent cette classe de ressource fortement typée.</summary>
        </member>
        <member name="P:GeometryColor.Properties.Resources.JaggedListExceptionMessage">
            <summary>Recherche une chaîne localisée semblable à La liste des couleurs ne doit pas être une liste irrégulière.</summary>
        </member>
        <member name="P:GeometryColor.Properties.Resources.NoColorsExceptionMessage">
            <summary>Recherche une chaîne localisée semblable à Vous devez fournir des couleurs.</summary>
        </member>
        <member name="P:GeometryColor.Properties.Resources.NoVertexExceptionMessage">
            <summary>Recherche une chaîne localisée semblable à Vous devez fournir des sommets.</summary>
        </member>
        <member name="P:GeometryColor.Properties.Resources.TwoDimensionalListExceptionMessage">
            <summary>Recherche une chaîne localisée semblable à Vous devez fournir une liste bidimensionnelle de couleurs.</summary>
        </member>
        <member name="P:GeometryColor.Properties.Resources.VertexColorCountMismatchExceptionMessage">
            <summary>Recherche une chaîne localisée semblable à Le nombre de couleurs fournies doit correspondre au nombre de sommets.</summary>
        </member>
        <member name="P:GeometryColor.Properties.Resources.VerticesDivisibleByThreeExceptionMessage">
            <summary>Recherche une chaîne localisée semblable à Le nombre de sommets fournis doit être divisible par trois.</summary>
        </member>
    </members>
</doc>