<?xml version="1.0"?><doc>
    <assembly>
        <name>DynamoArduino</name>
    </assembly>
    <members>
        <member name="T:Dynamo.Nodes.Properties.Resources">
            <summary>현지화된 문자열 등을 조회하기 위한 강력한 유형의 리소스 클래스</summary>
        </member>
        <member name="P:Dynamo.Nodes.Properties.Resources.ResourceManager">
            <summary>이 클래스에서 사용하는 캐시된 ResourceManager 인스턴스(instance)를 반환합니다.</summary>
        </member>
        <member name="P:Dynamo.Nodes.Properties.Resources.Culture">
            <summary>이러한 강력한 유형의 리소스 클래스를 사용하여 모든 리소스 조회에 대한
              현재 스레드의 CurrentUICulture 특성을 재지정합니다.</summary>
        </member>
        <member name="P:Dynamo.Nodes.Properties.Resources.ArduinoDescription">
            <summary>'Arduino 마이크로컨트롤러 연결을 관리합니다.'와 유사한 현지화된 문자열을 조회합니다.</summary>
        </member>
        <member name="P:Dynamo.Nodes.Properties.Resources.ArduinoPortDataExecToolTip">
            <summary>'실행 간격'과 유사한 현지화된 문자열을 조회합니다.</summary>
        </member>
        <member name="P:Dynamo.Nodes.Properties.Resources.ArduinoPortDataOutputToolTip">
            <summary>'나중의 읽기/쓰기를 위한 직렬 포트'와 유사한 현지화된 문자열을 조회합니다.</summary>
        </member>
        <member name="P:Dynamo.Nodes.Properties.Resources.ArduinoReadPortDataOutputToolTip">
            <summary>'직렬 출력 선'과 유사한 현지화된 문자열을 조회합니다.</summary>
        </member>
        <member name="P:Dynamo.Nodes.Properties.Resources.ArduinoWritePortDataOutputToolTip">
            <summary>'작업이 제대로 수행되었는지 여부'와 유사한 현지화된 문자열을 조회합니다.</summary>
        </member>
        <member name="P:Dynamo.Nodes.Properties.Resources.ArduionReadPortDataDelimiterToolTip">
            <summary>'Arduino에서 가져온 데이터의 구분자'와 유사한 현지화된 문자열을 조회합니다.</summary>
        </member>
        <member name="P:Dynamo.Nodes.Properties.Resources.ArduionWritePortDataTextToolTip">
            <summary>'쓸 텍스트'와 유사한 현지화된 문자열을 조회합니다.</summary>
        </member>
        <member name="P:Dynamo.Nodes.Properties.Resources.PortDataArduinoToolTip">
            <summary>'Arduino 직렬 연결'과 유사한 현지화된 문자열을 조회합니다.</summary>
        </member>
        <member name="P:Dynamo.Nodes.Properties.Resources.ReadArduinoDescription">
            <summary>'Arduino 마이크로컨트롤러에서 값을 읽습니다'와 유사한 현지화된 문자열을 조회합니다.</summary>
        </member>
        <member name="P:Dynamo.Nodes.Properties.Resources.WriteArduinoDescription">
            <summary>'Arduino 마이크로컨트롤러에 값을 씁니다'와 유사한 현지화된 문자열을 조회합니다.</summary>
        </member>
    </members>
</doc>