<?xml version="1.0"?><doc>
    <assembly>
        <name>GeometryColor</name>
    </assembly>
    <members>
        <member name="M:Modifiers.GeometryColor.ByGeometryColor(Autodesk.DesignScript.Geometry.Geometry,DSCore.Color)">
            <summary>색상을 사용하여 형상을 표시합니다.</summary>
            <param name="geometry">색상을 적용하려는 형상입니다.</param>
            <param name="color">해당 색상입니다.</param>
            <returns>화면표시 객체입니다.</returns>
        </member>
        <member name="M:Modifiers.GeometryColor.BySurfaceColors(Autodesk.DesignScript.Geometry.Surface,DSCore.Color[][])">
            <summary>표면에 색상 값을 표시합니다.
            
            제공된 색상이 내부적으로 이미지 텍스처로 변환되어
            표면에 매핑됩니다.</summary>
            <param name="surface">색상을 적용할 표면입니다.</param>
            <param name="colors">2차원 색상 리스트입니다.
            
            색상 리스트는 고정되어야 합니다. 가변 배열을 전달하려 시도하면
            예외가 발생합니다.</param>
            <returns>화면표시 객체입니다.</returns>
        </member>
        <member name="M:Modifiers.GeometryColor.ByPointsColors(Autodesk.DesignScript.Geometry.Point[],DSCore.Color[])">
            <summary>점과 색상을 사용하여 색상이 지정된 메쉬를 작성합니다.
            
            제공된 점 리스트와 함께 연결되지 않은 꼭짓점을 사용하여
            삼각 메쉬를 구성합니다.</summary>
            <param name="points">점 리스트입니다. 
            
            현재 삼각 메쉬만 지원됩니다. 리스트의 각 세 개 점이 메쉬에서 하나의 
            삼각형을 형성합니다. 점은 시계 반대 방향으로 정렬되어야 합니다. 
            3으로 나눌 수 없는 수의 꼭짓점 리스트를 전달하려 시도하면 예외가 발생합니다.</param>
            <param name="colors">색상 리스트입니다. 
            
            색상의 수는 꼭짓점의 수와 일치해야 합니다. 점의 수와 같지 않은 수의 색상 리스트를
            전달하려 시도하면 예외가 발생합니다.</param>
            <returns>화면표시 객체입니다.</returns>
        </member>
        <member name="M:Modifiers.GeometryColor.ComputeColorMap(Autodesk.DesignScript.Geometry.Surface,System.Collections.Generic.IEnumerable{Autodesk.DesignScript.Geometry.UV},DSCore.Color[],System.Int32,System.Int32)">
            <summary>SurfaceData 객체 세트에서 색상 맵 세트를 계산합니다.</summary>
            <returns/>
        </member>
        <member name="M:Modifiers.GeometryColor.ComputeSamplesFromNormalizedValue(System.Double,System.Int32,System.Int32)">
            <summary>이 방법은 0.0과 1.0 사이의 수를 lowestPower와 highestPower 사이의 정수로 다시 매핑합니다.</summary>
        </member>
        <member name="T:GeometryColor.Properties.Resources">
            <summary>현지화된 문자열 등을 조회하기 위한 강력한 유형의 리소스 클래스입니다.</summary>
        </member>
        <member name="P:GeometryColor.Properties.Resources.ResourceManager">
            <summary>이 클래스에서 사용하는 캐시된 ResourceManager 인스턴스(instance)를 반환합니다.</summary>
        </member>
        <member name="P:GeometryColor.Properties.Resources.Culture">
            <summary>이러한 강력한 유형의 리소스 클래스를 사용하여 모든 리소스 
              조회에서 현재 스레드의 CurrentUICulture 특성을 재지정합니다.</summary>
        </member>
        <member name="P:GeometryColor.Properties.Resources.JaggedListExceptionMessage">
            <summary>"색상 리스트는 가변 리스트가 아니어야 합니다."와 유사한 현지화된 문자열을 조회합니다.</summary>
        </member>
        <member name="P:GeometryColor.Properties.Resources.NoColorsExceptionMessage">
            <summary>"색상을 몇 가지 제공해야 합니다."와 유사한 현지화된 문자열을 조회합니다.</summary>
        </member>
        <member name="P:GeometryColor.Properties.Resources.NoVertexExceptionMessage">
            <summary>"정점을 몇 개 제공해야 합니다."와 유사한 현지화된 문자열을 조회합니다.</summary>
        </member>
        <member name="P:GeometryColor.Properties.Resources.TwoDimensionalListExceptionMessage">
            <summary>"2차원 색상 리스트를 제공해야 합니다."와 유사한 현지화된 문자열을 조회합니다.</summary>
        </member>
        <member name="P:GeometryColor.Properties.Resources.VertexColorCountMismatchExceptionMessage">
            <summary>"제공된 색상의 수는 정점의 수와 일치해야 합니다."와 유사한 현지화된 문자열을 조회합니다.</summary>
        </member>
        <member name="P:GeometryColor.Properties.Resources.VerticesDivisibleByThreeExceptionMessage">
            <summary>"제공된 정점의 수를 3으로 나눌 수 있어야 합니다."와 유사한 현지화된 문자열을 조회합니다.</summary>
        </member>
    </members>
</doc>