{
   "annotation": { "description": "Angle." },
   "typeid": "autodesk.unit.quantity:angle-1.0.2",
   "inherits": [ "autodesk.unit:quantity-1.0.0" ],
   "constants": [
      { "id": "name", "value": "Angle" },
      {
         "id": "units",
         "typedValue": [
            { "typeid": "autodesk.unit.unit:degrees-1.0.1" },
            { "typeid": "autodesk.unit.unit:gradians-1.0.1" },
            { "typeid": "autodesk.unit.unit:pi-1.0.0" },
            { "typeid": "autodesk.unit.unit:radians-1.0.0" },
            { "typeid": "autodesk.unit.unit:turns-1.0.1" }
         ]
      }
   ]
}
