{
   "annotation": { "description": "Angular Speed." },
   "typeid": "autodesk.unit.quantity:angularSpeed-1.0.3",
   "inherits": [ "autodesk.unit:quantity-1.0.0" ],
   "constants": [
      { "id": "name", "value": "Angular Speed" },
      {
         "id": "units",
         "typedValue": [
            { "typeid": "autodesk.unit.unit:radiansPerSecond-1.0.1" },
            { "typeid": "autodesk.unit.unit:revolutionsPerMinute-1.0.0" },
            { "typeid": "autodesk.unit.unit:revolutionsPerSecond-1.0.0" }
         ]
      }
   ]
}
