{
   "annotation": { "description": "Angular Line Spring Coefficient." },
   "typeid": "autodesk.unit.quantity:angularLineSpringCoefficient-1.0.1",
   "inherits": [ "autodesk.unit:quantity-1.0.0" ],
   "constants": [
      { "id": "name", "value": "Angular Line Spring Coefficient" },
      {
         "id": "units",
         "typedValue": [
            { "typeid": "autodesk.unit.unit:kipFeetPerDegreePerFoot-1.0.1" },
            { "typeid": "autodesk.unit.unit:kilonewtonMetersPerDegreePerMeter-1.0.1" }
         ]
      }
   ]
}
