{
   "annotation": { "description": "Area." },
   "typeid": "autodesk.unit.quantity:area-1.0.2",
   "inherits": [ "autodesk.unit:quantity-1.0.0" ],
   "constants": [
      { "id": "name", "value": "Area" },
      {
         "id": "units",
         "typedValue": [
            { "typeid": "autodesk.unit.unit:squareFeet-1.0.1" },
            { "typeid": "autodesk.unit.unit:squareInches-1.0.1" },
            { "typeid": "autodesk.unit.unit:squareMeters-1.0.1" },
            { "typeid": "autodesk.unit.unit:squareCentimeters-1.0.1" },
            { "typeid": "autodesk.unit.unit:squareHectometers-1.0.1" },
            { "typeid": "autodesk.unit.unit:squareMillimeters-1.0.1" },
            { "typeid": "autodesk.unit.unit:acres-1.0.1" },
            { "typeid": "autodesk.unit.unit:hectares-1.0.1" },
            { "typeid": "autodesk.unit.unit:squareYards-1.0.1" },
            { "typeid": "autodesk.unit.unit:circularMils-1.0.0"},
            { "typeid": "autodesk.unit.unit:squareMils-1.0.0"}
         ]
      }
   ]
}
