{
   "annotation": { "description": "Density." },
   "typeid": "autodesk.unit.quantity:density-1.0.2",
   "inherits": [ "autodesk.unit:quantity-1.0.0" ],
   "constants": [
      { "id": "name", "value": "Density" },
      {
         "id": "units",
         "typedValue": [
            { "typeid": "autodesk.unit.unit:kilogramsPerCubicCentimeter-1.0.0" },
            { "typeid": "autodesk.unit.unit:kilogramsPerCubicMeter-1.0.1" },
            { "typeid": "autodesk.unit.unit:poundsMassPerCubicInch-1.0.1" },
            { "typeid": "autodesk.unit.unit:poundsMassPerCubicFoot-1.0.1" },
            { "typeid": "autodesk.unit.unit:waterDensity4DegreesCelsius-1.0.0" }
         ]
      }
   ]
}
