{
   "annotation": { "description": "Dynamic Viscosity." },
   "typeid": "autodesk.unit.quantity:dynamicViscosity-1.0.2",
   "inherits": [ "autodesk.unit:quantity-1.0.0" ],
   "constants": [
      { "id": "name", "value": "Dynamic Viscosity" },
      {
         "id": "units",
         "typedValue": [
            { "typeid": "autodesk.unit.unit:centipoises-1.0.1" },
            { "typeid": "autodesk.unit.unit:kilogramsPerMeterHour-1.0.0" },
            { "typeid": "autodesk.unit.unit:kilogramsPerMeterSecond-1.0.0" },
            { "typeid": "autodesk.unit.unit:newtonSecondsPerSquareMeter-1.0.0" },
            { "typeid": "autodesk.unit.unit:pascalSeconds-1.0.1" },
            { "typeid": "autodesk.unit.unit:poises-1.0.1" },
            { "typeid": "autodesk.unit.unit:poundForceSecondsPerSquareFoot-1.0.0"},
            { "typeid": "autodesk.unit.unit:poundsMassPerFootHour-1.0.1" },
            { "typeid": "autodesk.unit.unit:poundsMassPerFootSecond-1.0.1" }         
         ]
      }
   ]
}
