{
   "annotation": { "description": "Electric Current." },
   "typeid": "autodesk.unit.quantity:electricCurrent-1.0.1",
   "inherits": [ "autodesk.unit:quantity-1.0.0" ],
   "constants": [
      { "id": "name", "value": "Electric Current" },
      {
         "id": "units",
         "typedValue": [
            { "typeid": "autodesk.unit.unit:amperes-1.0.0" },
            { "typeid": "autodesk.unit.unit:kiloamperes-1.0.1" },
            { "typeid": "autodesk.unit.unit:milliamperes-1.0.1" }
         ]
      }
   ]
}
