{
   "annotation": { "description": "Energy per Area." },
   "typeid": "autodesk.unit.quantity:energyPerArea-1.0.0",
   "inherits": [ "autodesk.unit:quantity-1.0.0" ],
   "constants": [
      { "id": "name", "value": "Energy per Area" },
      {
         "id": "units",
         "typedValue": [
            { "typeid": "autodesk.unit.unit:kilowattHoursPerSquareMeter-1.0.0" },
            { "typeid": "autodesk.unit.unit:megajoulesPerSquareMeter-1.0.0" },
            { "typeid": "autodesk.unit.unit:thousandBritishThermalUnitsPerSquareFoot-1.0.0" }
         ]
      }
   ]
}
