{
   "annotation": { "description": "Force per Length." },
   "typeid": "autodesk.unit.quantity:forcePerLength-1.0.1",
   "inherits": [ "autodesk.unit:quantity-1.0.0" ],
   "constants": [
      { "id": "name", "value": "Force per Length" },
      {
         "id": "units",
         "typedValue": [
            { "typeid": "autodesk.unit.unit:newtonsPerMeter-1.0.1" },
            { "typeid": "autodesk.unit.unit:dekanewtonsPerMeter-1.0.1" },
            { "typeid": "autodesk.unit.unit:kilonewtonsPerMeter-1.0.1" },
            { "typeid": "autodesk.unit.unit:meganewtonsPerMeter-1.0.1" },
            { "typeid": "autodesk.unit.unit:kipsPerFoot-1.0.1" },
            { "typeid": "autodesk.unit.unit:kilogramsForcePerMeter-1.0.1" },
            { "typeid": "autodesk.unit.unit:tonnesForcePerMeter-1.0.1" },
            { "typeid": "autodesk.unit.unit:poundsForcePerFoot-1.0.1" },
            { "typeid": "autodesk.unit.unit:kipsPerInch-1.0.1" }
         ]
      }
   ]
}
