{
   "annotation": { "description": "Force Density." },
   "typeid": "autodesk.unit.quantity:forceDensity-1.0.1",
   "inherits": [ "autodesk.unit:quantity-1.0.0" ],
   "constants": [
      { "id": "name", "value": "Force Density" },
      {
         "id": "units",
         "typedValue": [
            { "typeid": "autodesk.unit.unit:kilonewtonsPerCubicMeter-1.0.1" },
            { "typeid": "autodesk.unit.unit:poundsForcePerCubicFoot-1.0.1" },
            { "typeid": "autodesk.unit.unit:kipsPerCubicInch-1.0.1" },
            { "typeid": "autodesk.unit.unit:kipsPerCubicFoot-1.0.1" }
         ]
      }
   ]
}
