{
   "annotation": { "description": "Friction." },
   "typeid": "autodesk.unit.quantity:friction-1.0.2",
   "inherits": [ "autodesk.unit:quantity-1.0.0" ],
   "constants": [
      { "id": "name", "value": "Friction" },
      {
         "id": "units",
         "typedValue": [
            { "typeid": "autodesk.unit.unit:feetOfWater39.2DegreesFahrenheitPer100Feet-1.0.1" },
            { "typeid": "autodesk.unit.unit:inchesOfWater60DegreesFahrenheitPer100Feet-1.0.1" },
            { "typeid": "autodesk.unit.unit:metersOfWaterColumnPerMeter-1.0.0" },
            { "typeid": "autodesk.unit.unit:millimetersOfWaterColumnPerMeter-1.0.0" },
            { "typeid": "autodesk.unit.unit:pascalsPerMeter-1.0.1" }
         ]
      }
   ]
}
