{
   "annotation": { "description": "Heat Capacity per Area." },
   "typeid": "autodesk.unit.quantity:heatCapacityPerArea-1.0.0",
   "inherits": [ "autodesk.unit:quantity-1.0.0" ],
   "constants": [
      { "id": "name", "value": "Heat Capacity per Area" },
      {
         "id": "units",
         "typedValue": [
            { "typeid": "autodesk.unit.unit:britishThermalUnitsPerSquareFootDegreeFahrenheit-1.0.0" },
            { "typeid": "autodesk.unit.unit:joulesPerSquareMeterKelvin-1.0.0" },
            { "typeid": "autodesk.unit.unit:kilojoulesPerSquareMeterKelvin-1.0.0" }
         ]
      }
   ]
}
