{
   "annotation": { "description": "Heat Capacity." },
   "typeid": "autodesk.unit.quantity:heatCapacity-1.0.1",
   "inherits": [ "autodesk.unit:quantity-1.0.0" ],
   "constants": [
      { "id": "name", "value": "Heat Capacity" },
      {
         "id": "units",
         "typedValue": [
            { "typeid": "autodesk.unit.unit:britishThermalUnitsPerDegreeFahrenheit-1.0.1" },
            { "typeid": "autodesk.unit.unit:joulesPerKelvin-1.0.1" },
            { "typeid": "autodesk.unit.unit:kilojoulesPerKelvin-1.0.1" }
         ]
      }
   ]
}
