{
  "annotation": { "description": "Magnetic Flux Density." },
  "typeid": "autodesk.unit.quantity:magneticFluxDensity-1.0.0",
  "inherits": [ "autodesk.unit:quantity-1.0.0" ],
  "constants": [
    { "id": "name", "value": "Magnetic Flux Density" },
    {
      "id": "units",
      "typedValue": [
        { "typeid": "autodesk.unit.unit:teslas-1.0.0"},
        { "typeid": "autodesk.unit.unit:gauss-1.0.0"},
        { "typeid": "autodesk.unit.unit:gammas-1.0.0"}
      ]
    }
  ]
}
