{
   "annotation": { "description": "Power." },
   "typeid": "autodesk.unit.quantity:power-1.0.3",
   "inherits": [ "autodesk.unit:quantity-1.0.0" ],
   "constants": [
      { "id": "name", "value": "Power" },
      {
         "id": "units",
         "typedValue": [
            { "typeid": "autodesk.unit.unit:britishThermalUnitsPerHour-1.0.1" },
            { "typeid": "autodesk.unit.unit:britishThermalUnitsPerSecond-1.0.1" },
            { "typeid": "autodesk.unit.unit:caloriesPerSecond-1.0.1" },
            { "typeid": "autodesk.unit.unit:horsepower-1.0.1" },
            { "typeid": "autodesk.unit.unit:kilocaloriesPerSecond-1.0.1" },
            { "typeid": "autodesk.unit.unit:kilovoltAmperes-1.0.1" },
            { "typeid": "autodesk.unit.unit:kilowatts-1.0.1" },
            { "typeid": "autodesk.unit.unit:megawatts-1.0.0" },
            { "typeid": "autodesk.unit.unit:thousandBritishThermalUnitsPerHour-1.0.0" },
            { "typeid": "autodesk.unit.unit:tonsOfRefrigeration-1.0.1" },
            { "typeid": "autodesk.unit.unit:voltAmperes-1.0.1" },
            { "typeid": "autodesk.unit.unit:watts-1.0.1" }
         ]
      }
   ]
}
