{
   "annotation": { "description": "Power Density." },
   "typeid": "autodesk.unit.quantity:powerDensity-1.0.1",
   "inherits": [ "autodesk.unit:quantity-1.0.0" ],
   "constants": [
      { "id": "name", "value": "Power Density" }, 
      {
         "id": "units",
         "typedValue": [
            { "typeid": "autodesk.unit.unit:wattsPerCubicFoot-1.0.1" },
            { "typeid": "autodesk.unit.unit:wattsPerCubicMeter-1.0.1" },
            { "typeid": "autodesk.unit.unit:britishThermalUnitsPerHourCubicFoot-1.0.1" }
         ]
      }
   ]
}
