{
   "annotation": { "description": "Ratio." },
   "typeid": "autodesk.unit.quantity:ratio-1.0.1",
   "inherits": [ "autodesk.unit:quantity-1.0.0" ],
   "constants": [
      { "id": "name", "value": "Ratio" },
      {
         "id": "units",
         "typedValue": [
            { "typeid": "autodesk.unit.unit:fixed-1.0.1" },
            { "typeid": "autodesk.unit.unit:percentage-1.0.1" },
            { "typeid": "autodesk.unit.unit:perMille-1.0.1" },
            { "typeid": "autodesk.unit.unit:ratioTo1-1.0.0" },
            { "typeid": "autodesk.unit.unit:ratioTo10-1.0.1" },
            { "typeid": "autodesk.unit.unit:ratioTo12-1.0.1" },
            { "typeid": "autodesk.unit.unit:1ToRatio-1.0.1" }
         ]
      }
   ]
}
