{
   "annotation": { "description": "Second Moment Of Area." },
   "typeid": "autodesk.unit.quantity:secondMomentOfArea-1.0.1",
   "inherits": [ "autodesk.unit:quantity-1.0.0" ],
   "constants": [
      { "id": "name", "value": "Second Moment Of Area" },
      {
         "id": "units",
         "typedValue": [
            { "typeid": "autodesk.unit.unit:feetToTheFourthPower-1.0.1" },
            { "typeid": "autodesk.unit.unit:inchesToTheFourthPower-1.0.1" },
            { "typeid": "autodesk.unit.unit:millimetersToTheFourthPower-1.0.1" },
            { "typeid": "autodesk.unit.unit:centimetersToTheFourthPower-1.0.1" },
            { "typeid": "autodesk.unit.unit:metersToTheFourthPower-1.0.1" }
         ]
      }
   ]
}
