{
   "annotation": { "description": "Slope." },
   "typeid": "autodesk.unit.quantity:slope-1.0.1",
   "inherits": [ "autodesk.unit:quantity-1.0.0" ],
   "constants": [
      { "id": "name", "value": "Slope" },
      {
         "id": "units",
         "typedValue": [
            { "typeid": "autodesk.unit.unit:percentage-1.0.1" },
            { "typeid": "autodesk.unit.unit:ratioTo1-1.0.0" },
            { "typeid": "autodesk.unit.unit:ratioTo10-1.0.1" },
            { "typeid": "autodesk.unit.unit:ratioTo12-1.0.1" },
            { "typeid": "autodesk.unit.unit:riseDividedBy12Inches-1.0.1" },
            { "typeid": "autodesk.unit.unit:riseDividedBy1Foot-1.0.1" },
            { "typeid": "autodesk.unit.unit:riseDividedBy1000Millimeters-1.0.1" },
            { "typeid": "autodesk.unit.unit:riseDividedBy120Inches-1.0.1" },
            { "typeid": "autodesk.unit.unit:1ToRatio-1.0.1" },
            { "typeid": "autodesk.unit.unit:riseDividedBy10Feet-1.0.1" },
            { "typeid": "autodesk.unit.unit:perMille-1.0.1" }
         ]
      }
   ]
}
