{
   "annotation": { "description": "Specific Heat Capacity." },
   "typeid": "autodesk.unit.quantity:specificHeatCapacity-1.0.1",
   "inherits": [ "autodesk.unit:quantity-1.0.0" ],
   "constants": [
      { "id": "name", "value": "Specific Heat Capacity" },
      {
         "id": "units",
         "typedValue": [
            { "typeid": "autodesk.unit.unit:joulesPerGramDegreeCelsius-1.0.1" },
            { "typeid": "autodesk.unit.unit:britishThermalUnitsPerPoundDegreeFahrenheit-1.0.1" },
            { "typeid": "autodesk.unit.unit:joulesPerKilogramDegreeCelsius-1.0.1" }
         ]
      }
   ]
}
