{
   "annotation": { "description": "Stress." },
   "typeid": "autodesk.unit.quantity:stress-1.0.1",
   "inherits": [ "autodesk.unit:quantity-1.0.0" ],
   "constants": [
      { "id": "name", "value": "Stress" },
      {
         "id": "units",
         "typedValue": [
            { "typeid": "autodesk.unit.unit:pascals-1.0.1" },
            { "typeid": "autodesk.unit.unit:kilopascals-1.0.1" },
            { "typeid": "autodesk.unit.unit:megapascals-1.0.1" },
            { "typeid": "autodesk.unit.unit:poundsForcePerSquareInch-1.0.1" },
            { "typeid": "autodesk.unit.unit:bars-1.0.1" },
            { "typeid": "autodesk.unit.unit:newtonsPerSquareMeter-1.0.1" },
            { "typeid": "autodesk.unit.unit:dekanewtonsPerSquareMeter-1.0.1" },
            { "typeid": "autodesk.unit.unit:kilonewtonsPerSquareMeter-1.0.1" },
            { "typeid": "autodesk.unit.unit:meganewtonsPerSquareMeter-1.0.1" },
            { "typeid": "autodesk.unit.unit:kipsPerSquareFoot-1.0.1" },
            { "typeid": "autodesk.unit.unit:kilogramsForcePerSquareMeter-1.0.1" },
            { "typeid": "autodesk.unit.unit:tonnesForcePerSquareMeter-1.0.1" },
            { "typeid": "autodesk.unit.unit:poundsForcePerSquareFoot-1.0.1" },
            { "typeid": "autodesk.unit.unit:kipsPerSquareInch-1.0.1" },
            { "typeid": "autodesk.unit.unit:kilonewtonsPerSquareCentimeter-1.0.1" },
            { "typeid": "autodesk.unit.unit:newtonsPerSquareMillimeter-1.0.1" },
            { "typeid": "autodesk.unit.unit:kilonewtonsPerSquareMillimeter-1.0.1" }
         ]
      }
   ]
}
