{
   "annotation": { "description": "Temperature." },
   "typeid": "autodesk.unit.quantity:temperature-1.0.1",
   "inherits": [ "autodesk.unit:quantity-1.0.0" ],
   "constants": [
      { "id": "name", "value": "Temperature" },
      {
         "id": "units",
         "typedValue": [
            { "typeid": "autodesk.unit.unit:fahrenheit-1.0.1" },
            { "typeid": "autodesk.unit.unit:celsius-1.0.1" },
            { "typeid": "autodesk.unit.unit:kelvin-1.0.0" },
            { "typeid": "autodesk.unit.unit:rankine-1.0.1" }
         ]
      }
   ]
}
