{
   "annotation": { "description": "Temperature Interval." },
   "typeid": "autodesk.unit.quantity:temperatureInterval-1.0.1",
   "inherits": [ "autodesk.unit:quantity-1.0.0" ],
   "constants": [
      { "id": "name", "value": "Temperature Interval" },
      {
         "id": "units",
         "typedValue": [
            { "typeid": "autodesk.unit.unit:fahrenheitInterval-1.0.1" },
            { "typeid": "autodesk.unit.unit:celsiusInterval-1.0.1" },
            { "typeid": "autodesk.unit.unit:kelvinInterval-1.0.0" },
            { "typeid": "autodesk.unit.unit:rankineInterval-1.0.1" }
         ]
      }
   ]
}
