{
   "annotation": { "description": "Time." },
   "typeid": "autodesk.unit.quantity:time-1.0.1",
   "inherits": [ "autodesk.unit:quantity-1.0.0" ],
   "constants": [
      { "id": "name", "value": "Time" },
      {
         "id": "units",
         "typedValue": [
            { "typeid": "autodesk.unit.unit:milliseconds-1.0.1" },
            { "typeid": "autodesk.unit.unit:seconds-1.0.0" },
            { "typeid": "autodesk.unit.unit:minutes-1.0.1" },
            { "typeid": "autodesk.unit.unit:hours-1.0.1" }
         ]
      }
   ]
}
