{
   "annotation": { "description": "Torque." },
   "typeid": "autodesk.unit.quantity:torque-1.0.1",
   "inherits": [ "autodesk.unit:quantity-1.0.0" ],
   "constants": [
      { "id": "name", "value": "Torque" },
      {
         "id": "units",
         "typedValue": [
            { "typeid": "autodesk.unit.unit:newtonMeters-1.0.1" },
            { "typeid": "autodesk.unit.unit:dekanewtonMeters-1.0.1" },
            { "typeid": "autodesk.unit.unit:kilonewtonMeters-1.0.1" },
            { "typeid": "autodesk.unit.unit:meganewtonMeters-1.0.1" },
            { "typeid": "autodesk.unit.unit:kipFeet-1.0.1" },
            { "typeid": "autodesk.unit.unit:kilogramForceMeters-1.0.1" },
            { "typeid": "autodesk.unit.unit:tonneForceMeters-1.0.1" },
            { "typeid": "autodesk.unit.unit:poundForceFeet-1.0.1" }
         ]
      }
   ]
}
