{
   "annotation": { "description": "Volume." },
   "typeid": "autodesk.unit.quantity:volume-1.0.1",
   "inherits": [ "autodesk.unit:quantity-1.0.0" ],
   "constants": [
      { "id": "name", "value": "Volume" },
      {
         "id": "units",
         "typedValue": [
            { "typeid": "autodesk.unit.unit:cubicYards-1.0.1" },
            { "typeid": "autodesk.unit.unit:cubicFeet-1.0.1" },
            { "typeid": "autodesk.unit.unit:cubicInches-1.0.1" },
            { "typeid": "autodesk.unit.unit:cubicMeters-1.0.1" },
            { "typeid": "autodesk.unit.unit:cubicCentimeters-1.0.1" },
            { "typeid": "autodesk.unit.unit:cubicMillimeters-1.0.1" },
            { "typeid": "autodesk.unit.unit:liters-1.0.1" },
            { "typeid": "autodesk.unit.unit:usGallons-1.0.1" }
         ]
      }
   ]
}
