{
   "annotation": { "description": "Warping Coefficient." },
   "typeid": "autodesk.unit.quantity:warpingCoefficient-1.0.1",
   "inherits": [ "autodesk.unit:quantity-1.0.0" ],
   "constants": [
      { "id": "name", "value": "Warping Coefficient" },
      {
         "id": "units",
         "typedValue": [
            { "typeid": "autodesk.unit.unit:feetToTheSixthPower-1.0.1" },
            { "typeid": "autodesk.unit.unit:inchesToTheSixthPower-1.0.1" },
            { "typeid": "autodesk.unit.unit:millimetersToTheSixthPower-1.0.1" },
            { "typeid": "autodesk.unit.unit:centimetersToTheSixthPower-1.0.1" },
            { "typeid": "autodesk.unit.unit:metersToTheSixthPower-1.0.1" }
         ]
      }
   ]
}
