<?xml version="1.0"?>
<doc>
    <assembly>
        <name>DynamoArduino</name>
    </assembly>
    <members>
        <member name="T:Dynamo.Nodes.Properties.Resources">
            <summary>
              A strongly-typed resource class, for looking up localized strings, etc.
            </summary>
        </member>
        <member name="P:Dynamo.Nodes.Properties.Resources.ResourceManager">
            <summary>
              Returns the cached ResourceManager instance used by this class.
            </summary>
        </member>
        <member name="P:Dynamo.Nodes.Properties.Resources.Culture">
            <summary>
              Overrides the current thread's CurrentUICulture property for all
              resource lookups using this strongly typed resource class.
            </summary>
        </member>
        <member name="P:Dynamo.Nodes.Properties.Resources.ArduinoDescription">
            <summary>
              Looks up a localized string similar to Manages connection to an Arduino microcontroller..
            </summary>
        </member>
        <member name="P:Dynamo.Nodes.Properties.Resources.ArduinoPortDataExecToolTip">
            <summary>
              Looks up a localized string similar to Execution Interval.
            </summary>
        </member>
        <member name="P:Dynamo.Nodes.Properties.Resources.ArduinoPortDataOutputToolTip">
            <summary>
              Looks up a localized string similar to Serial port for later read/write.
            </summary>
        </member>
        <member name="P:Dynamo.Nodes.Properties.Resources.ArduinoReadPortDataOutputToolTip">
            <summary>
              Looks up a localized string similar to Serial output line.
            </summary>
        </member>
        <member name="P:Dynamo.Nodes.Properties.Resources.ArduinoWritePortDataOutputToolTip">
            <summary>
              Looks up a localized string similar to Whether or not the operation was successful..
            </summary>
        </member>
        <member name="P:Dynamo.Nodes.Properties.Resources.ArduionReadPortDataDelimiterToolTip">
            <summary>
              Looks up a localized string similar to The delimeter in your data coming from the Arduino..
            </summary>
        </member>
        <member name="P:Dynamo.Nodes.Properties.Resources.ArduionWritePortDataTextToolTip">
            <summary>
              Looks up a localized string similar to Text to be written.
            </summary>
        </member>
        <member name="P:Dynamo.Nodes.Properties.Resources.PortDataArduinoToolTip">
            <summary>
              Looks up a localized string similar to Arduino serial connection.
            </summary>
        </member>
        <member name="P:Dynamo.Nodes.Properties.Resources.ReadArduinoDescription">
            <summary>
              Looks up a localized string similar to Reads values from an Arduino microcontroller..
            </summary>
        </member>
        <member name="P:Dynamo.Nodes.Properties.Resources.WriteArduinoDescription">
            <summary>
              Looks up a localized string similar to Writes values to an Arduino microcontroller..
            </summary>
        </member>
    </members>
</doc>
