﻿<?xml version="1.0"?>
<migrations>
  <priorNameHint>
    <oldName>FFITarget.ClassWithMigratedMembers.AMemberWithAChangedName1</oldName>
    <newName>FFITarget.ClassWithMigratedMembers.AMemberWithAChangedName2</newName>
  </priorNameHint>
  <priorNameHint>
    <oldName>FFITarget.ClassWithMigratedMembers.AMemberWithTwoParams@string,string</oldName>
    <newName>FFITarget.ClassWithMigratedMembers.AMemberWithThreeParams@string,string,string</newName>
  </priorNameHint>
  <priorNameHint>
    <oldName>FFITarget.ClassWithMigratedMembers.AnOverloadedMember@string,string</oldName>
    <newName>FFITarget.ClassWithMigratedMembers.AnOverloadedMember@string,string,string</newName>
  </priorNameHint>
</migrations>