<?xml version="1.0"?>
<doc>
    <assembly>
        <name>Tessellation</name>
    </assembly>
    <members>
        <member name="T:Tessellation.Adapters.Tetrahedron">
            <summary>
            A vertex is a simple class that stores the postion of a point, node or vertex.
            </summary>
        </member>
        <member name="M:Tessellation.Adapters.Tetrahedron.GetPosition(System.Int32)">
            <summary>
            Helper function to get the position of the i-th vertex.
            </summary>
            <param name="i"></param>
            <returns>Position of the i-th vertex</returns>
        </member>
        <member name="M:Tessellation.Adapters.Tetrahedron.MakeFace(System.Int32,System.Int32,System.Int32,Autodesk.DesignScript.Geometry.Vector)">
            <summary>
            This function adds indices for a triangle representing the face.
            The order is in the CCW (counter clock wise) order so that the automatically calculated normals point in the right direction.
            </summary>
            <param name="i"></param>
            <param name="j"></param>
            <param name="k"></param>
            <param name="center"></param>
        </member>
        <member name="M:Tessellation.Adapters.Tetrahedron.MakeFaces">
            <summary>
            Creates a model of the tetrahedron. Transparency is applied to the color.
            </summary>
            <returns>A model representing the tetrahedron</returns>
        </member>
        <member name="T:Tessellation.Adapters.Cell2">
            <summary>
            A cell for a 2d tesselation
            </summary>
        </member>
        <member name="T:Tessellation.Adapters.Cell3">
            <summary>
            A cell for a 3d tesselation
            </summary>
        </member>
        <member name="T:Tessellation.Adapters.TriangleFace">
            <summary>
                A vertex is a simple class that stores the postion of a point, node or vertex.
            </summary>
        </member>
        <member name="T:Tessellation.ConvexHull">
            <summary>
                Functions for creating convex hulls.
            </summary>
        </member>
        <member name="M:Tessellation.ConvexHull.ByPoints(System.Collections.Generic.IEnumerable{Autodesk.DesignScript.Geometry.Point})">
            <summary>
                Creates a convex hull of a set of points.
            </summary>
            <param name="points">A set of points.</param>
        </member>
        <member name="T:Tessellation.Delaunay">
            <summary>
                Functions for creating Delaunay triangulations.
            </summary>
        </member>
        <member name="M:Tessellation.Delaunay.ByParametersOnSurface(System.Collections.Generic.IEnumerable{Autodesk.DesignScript.Geometry.UV},Autodesk.DesignScript.Geometry.Surface)">
            <summary>
                Creates a Delaunay triangulation of a surface with a given set of UV parameters.
            </summary>
            <param name="uvs">Set of UV parameters.</param>
            <param name="face">Surface to triangulate.</param>
            <search>uvs</search>
        </member>
        <member name="M:Tessellation.Delaunay.ByPoints(System.Collections.Generic.IEnumerable{Autodesk.DesignScript.Geometry.Point})">
            <summary>
                Creates a Delaunay triangulation of a set of points.
            </summary>
            <param name="points">A set of points.</param>
        </member>
        <member name="T:Tessellation.Voronoi">
            <summary>
                Functions for creating Voronoi tesselations.
            </summary>
        </member>
        <member name="M:Tessellation.Voronoi.ByParametersOnSurface(System.Collections.Generic.IEnumerable{Autodesk.DesignScript.Geometry.UV},Autodesk.DesignScript.Geometry.Surface)">
            <summary>
                Creates a Voronoi tessellation of a surface with a given set of UV parameters.
            </summary>
            <param name="uvs">Set of UV parameters.</param>
            <param name="face">Surface to tesselate.</param>
            <search>uvs</search>
        </member>
    </members>
</doc>
