<?xml version="1.0"?><doc>
    <assembly>
        <name>DSOffice</name>
    </assembly>
    <members>
        <member name="P:DSOffice.ExcelInterop.ExcelProcessRunning">
            <summary>Umožňuje zkontrolovat, zda je proces aplikace Excel spuštěn.</summary>
        </member>
        <member name="P:DSOffice.ExcelInterop.HasValidExcelReference">
            <summary>Umožňuje zkontrolovat, zda tento objekt obsahuje referenci na aplikaci Excel.</summary>
        </member>
        <member name="M:DSOffice.ExcelInterop.TryQuitAndCleanup(System.Boolean)">
            <summary>Zavře všechny sešity aplikace Excel a v případě potřeby zobrazí dialog Uložit jako. Provede také
            uvolnění paměti a odebere reference na aplikaci Excel.</summary>
        </member>
        <member name="M:DSOffice.Excel.ReadExcelFile(System.IO.FileInfo)">
            <summary>Načte daný soubor aplikace Excel a vrátí sešit.</summary>
            <param name="file"/>
            <returns/>
        </member>
        <member name="M:DSOffice.Excel.GetWorksheetsFromExcelWorkbook(DSOffice.WorkBook)">
            <summary>Vrátí seznam všech listů v daném sešitu aplikace Excel.</summary>
            <param name="workbook"/>
            <returns/>
        </member>
        <member name="M:DSOffice.Excel.GetExcelWorksheetByName(DSOffice.WorkBook,System.String)">
            <summary>Vrátí list v daném sešitu na základě jeho názvu.</summary>
            <param name="workbook"/>
            <param name="name"/>
            <returns/>
        </member>
        <member name="M:DSOffice.Excel.GetDataFromExcelWorksheet(DSOffice.WorkSheet)">
            <summary>Čte a načte data z daného listu aplikace Excel.</summary>
            <param name="worksheet"/>
            <returns/>
        </member>
        <member name="M:DSOffice.Excel.WriteDataToExcelWorksheet(DSOffice.WorkSheet,System.Int32,System.Int32,System.Object[][])">
            <summary>Zapíše daná data do řádku a sloupce se zadaným číslem (začíná se od 0) v daném listu
            a vrátí příslušný list.</summary>
            <param name="worksheet"/>
            <param name="startRow"/>
            <param name="startColumn"/>
            <param name="data"/>
            <returns/>
        </member>
        <member name="M:DSOffice.Excel.AddExcelWorksheetToWorkbook(DSOffice.WorkBook,System.String)">
            <summary>Přidá do daného sešitu aplikace Excel nový list s daným názvem.</summary>
            <param name="workbook"/>
            <param name="name"/>
            <returns/>
        </member>
        <member name="M:DSOffice.Excel.NewExcelWorkbook">
            <summary>Vytvoří nový dočasný sešit aplikace Excel.</summary>
            <returns/>
        </member>
        <member name="M:DSOffice.Excel.SaveAsExcelWorkbook(DSOffice.WorkBook,System.String)">
            <summary>Uloží daný sešit aplikace Excel do zadané cesty a vrátí tuto cestu.</summary>
            <param name="workbook"/>
            <param name="filename"/>
            <returns/>
        </member>
        <member name="M:DSOffice.Excel.ReadFromFile(System.IO.FileInfo,System.String,System.Boolean,System.Boolean)">
            <summary>Čtení dat z tabulky aplikace Microsoft Excel. Data jsou čtena po řádcích a
                vracena v podobě série seznamů podle řádků. Řádky a sloupce jsou indexovány
                nulou, například hodnota v buňce A1 se zobrazí v seznamu dat na souřadnicích
                [0,0]. Tento uzel vyžaduje, aby byla nainstalována aplikace Microsoft Excel.</summary>
            <param name="file">Soubor, který představuje list aplikace Microsoft Excel</param>
            <param name="sheetName">Název listu obsahujícího data</param>
            <param name="readAsStrings">přepnutí mezi čtením souboru aplikace Excel ve formě pouze řetězců nebo bez nich</param>
            <param name="showExcel">přepnutí mezi zobrazením a skrytím hlavního okna aplikace Excel</param>
            <returns name="data">Řádky dat z listu aplikace Excel</returns>
            <search>office,excel,spreadsheet,ifequalreturnindex</search>
        </member>
        <member name="M:DSOffice.Excel.WriteToFile(System.String,System.String,System.Int32,System.Int32,System.Object[][],System.Boolean)">
            <summary>Zapíše data do tabulky aplikace Microsoft Excel. Data se zapíší podle řádků a podseznamy
                budou zapsány do následujících řádků. Řádky a sloupce jsou indexovány od nuly.
                Například hodnota v seznamu dat v bodě [0,0] bude zapsána do buňky A1.
        Hodnoty NULL a prázdné seznamy budou zapsány do aplikace Excel
        jako prázdné buňky. Tento uzel vyžaduje instalaci aplikace Microsoft Excel.</summary>
            <param name="filePath">Cesta k tabulce aplikace Microsoft Excel</param>
            <param name="sheetName">Název listu k zápisu dat</param>
            <param name="startRow">Počáteční řádek pro zápis dat. Zadejte hodnotu 0 pro řádek 1, hodnotu 1 pro řádek 2 atd.</param>
            <param name="startCol">Počáteční sloupec pro zápis dat. Zadejte hodnotu 0 pro sloupec A, hodnotu 1 pro sloupec B atd.</param>
            <param name="data">Data k zápisu do tabulky</param>
            <param name="overWrite"/>
            <returns name="data">Data zapsaná do tabulky</returns>
            <search>office,excel,spreadsheet</search>
        </member>
        <member name="P:DSOffice.WorkSheet.Data">
            <summary>Vrátí data z daného listu (uzel GetDataFromExcelWorksheet).</summary>
        </member>
        <member name="M:DSOffice.WorkSheet.#ctor(DSOffice.WorkBook,System.String,System.Boolean)">
            <summary>Umožňuje vytvořit z daného sešitu nový list s daným názvem (uzel AddExcelWorksheetToWorkbook).</summary>
            <param name="wbook"/>
            <param name="sheetName"/>
            <param name="overWrite"/>
        </member>
        <member name="M:DSOffice.WorkSheet.WriteData(System.Int32,System.Int32,System.Object[][],System.Boolean)">
            <summary>Metoda instance umožňující zapsat data do existujícího listu (uzel WriteDataToExcelWorksheet)</summary>
            <param name="startRow"/>
            <param name="startColumn"/>
            <param name="data"/>
            <param name="writeAsString"/>
            <returns/>
        </member>
        <member name="P:DSOffice.WorkBook.Name">
            <summary/>
        </member>
        <member name="P:DSOffice.WorkBook.WorkSheets">
            <summary>(Uzel GetWorksheetsFromExcelWorkbook)</summary>
        </member>
        <member name="M:DSOffice.WorkBook.#ctor(System.String)">
            <summary>Vytvoří v zadané cestě nový sešit se zadaným názvem.</summary>
        </member>
        <member name="M:DSOffice.WorkBook.CloseHidden">
            <summary>Pomocná metoda ke čtení sešitů s vypnutou viditelností.</summary>
        </member>
        <member name="M:DSOffice.WorkBook.#ctor(DSOffice.WorkBook,System.String)">
            <summary>(Uzel SaveAsExcelWorkbook)</summary>
            <param name="wbook"/>
            <param name="filename"/>
        </member>
        <member name="M:DSOffice.WorkBook.ReadExcelFile(System.String)">
            <summary>(Uzel ReadExcelFile)</summary>
            <param name="path"/>
            <returns/>
        </member>
        <member name="M:DSOffice.WorkBook.GetWorksheetByName(System.String)">
            <summary>Metoda instance, (uzel GetExcelWorksheetByName)</summary>
            <param name="sheetName"/>
            <returns/>
        </member>
        <member name="T:DSOffice.Data">
            <summary>Metody pro kategorii Import/Export</summary>
        </member>
        <member name="M:DSOffice.Data.ExportCSV(System.String,System.Object[][])">
            <summary>Zapište seznam seznamů do souboru ve formátu CSV (s hodnotami oddělenými
                čárkou). Vnější seznam představuje řádky, vnitřní seznamy představují sloupce.</summary>
            <param name="filePath">Cesta, do níž se má zapisovat</param>
            <param name="data">Seznam seznamů, který má být zapsán do souboru CSV</param>
            <search>write,text,file</search>
        </member>
        <member name="M:DSOffice.Data.ImportCSV(System.String,System.Boolean)">
            <summary>Importuje data ze souboru CSV (s hodnotami oddělenými čárkou), vloží položky do seznamu a
                v případě potřeby provede jeho transpozici.</summary>
            <param name="filePath">Soubor CSV k převedení na seznam</param>
            <param name="transpose">Přepnout k transponování importovaných dat</param>
            <returns name="list">Seznam obsahující položky ze souboru CSV</returns>
            <search>import,csv,comma,file,list,separate,transpose</search>
        </member>
        <member name="M:DSOffice.Data.ImportExcel(System.IO.FileInfo,System.String,System.Boolean,System.Boolean)">
            <summary>Čtení dat z tabulky aplikace Microsoft Excel. Data jsou čtena po řádcích a
                vracena v podobě série seznamů podle řádků. Řádky a sloupce jsou indexovány
                nulou, například hodnota v buňce A1 se zobrazí v seznamu dat na souřadnicích
                [0,0]. Tento uzel vyžaduje, aby byla nainstalována aplikace Microsoft Excel.</summary>
            <param name="file">Soubor, který představuje sešit aplikace Excel</param>
            <param name="sheetName">Název listu obsahujícího data</param>
            <param name="readAsStrings">Přepnout ke čtení buněk jako řetězce</param>
            <param name="showExcel">Přepnout k zobrazení hlavního okna aplikace Excel</param>
            <returns name="data">Řádky dat z listu aplikace Excel</returns>
            <search>office,excel,spreadsheet,ifequalreturnindex</search>
        </member>
        <member name="M:DSOffice.Data.ExportExcel(System.String,System.String,System.Int32,System.Int32,System.Object[][],System.Boolean)">
            <summary>Zapíše data do tabulky aplikace Microsoft Excel. Data se zapíší podle řádků a podseznamy
                budou zapsány do následujících řádků. Řádky a sloupce jsou indexovány od nuly.
                Například hodnota v seznamu dat v bodě [0,0] bude zapsána do buňky A1.
        Hodnoty NULL a prázdné seznamy budou zapsány do aplikace Excel
        jako prázdné buňky. Tento uzel vyžaduje instalaci aplikace Microsoft Excel.</summary>
            <param name="filePath">Cesta k tabulce aplikace Microsoft Excel</param>
            <param name="sheetName">Název listu k zápisu dat</param>
            <param name="startRow">Počáteční řádek pro zápis dat. Zadejte hodnotu 0 pro řádek 1, hodnotu 1 pro řádek 2 atd.</param>
            <param name="startColumn">Počáteční sloupec pro zápis dat. Zadejte hodnotu 0 pro sloupec A, hodnotu 1 pro sloupec B atd.</param>
            <param name="data">Data k zápisu do tabulky</param>
            <param name="overWrite">Hodnota True pro přepsání souboru, hodnota False pro nepřepisování</param>
            <returns name="data">Data zapsaná do tabulky</returns>
            <search>office,excel,spreadsheet</search>
        </member>
        <member name="M:DSOffice.Data.ExportToExcel(System.String,System.String,System.Int32,System.Int32,System.Object[][],System.Boolean,System.Boolean)">
            <summary>Zapíše data do tabulky aplikace Microsoft Excel. Data se zapíší podle řádků a podseznamy
                budou zapsány do následujících řádků. Řádky a sloupce jsou indexovány od nuly.
                Například hodnota v seznamu dat v bodě [0,0] bude zapsána do buňky A1.
        Hodnoty NULL a prázdné seznamy budou zapsány do aplikace Excel
        jako prázdné buňky. Tento uzel vyžaduje instalaci aplikace Microsoft Excel.</summary>
            <param name="filePath">Soubor, který představuje sešit aplikace Excel</param>
            <param name="sheetName">Název listu obsahující data</param>
            <param name="startRow">Počáteční řádek pro zápis dat. Zadejte hodnotu 0 pro řádek 1, hodnotu 1 pro řádek 2 atd.</param>
            <param name="startColumn">Počáteční sloupec pro zápis dat. Zadejte hodnotu 0 pro sloupec A, hodnotu 1 pro sloupec B atd.</param>
            <param name="data">Data k zápisu do tabulky</param>
            <param name="overWrite">Přepnout ke smazání tabulky před zápisem</param>
            <param name="writeAsString">Přepnout k zapsáním souboru aplikace Excel ve formě řetězců.</param>
            <returns name="data">Řádky dat z listu aplikace Excel</returns>
            <search>office,excel,spreadsheet</search>
        </member>
        <member name="M:DSOffice.Data.OpenXMLImportExcel(System.String,System.String,System.Int32,System.Int32,System.Boolean)">
            <summary>Načítejte data z tabulky aplikace Microsoft Excel pomocí standardu Open XML.
            Data se načtou po řádcích a budou vrácena v sériích seznamů po řádcích.
            Řádky a sloupce jsou indexovány podle nuly. Například hodnota v buňce A1
            se zobrazí v seznamu dat v bodě [0,0].</summary>
            <param name="filePath">Soubor představující sešit aplikace Excel</param>
            <param name="sheetName">Název listu obsahujícího data</param>
            <param name="startRow">Počáteční řádek pro načtení dat. Zadejte 0 pro řádek 1, 1 pro řádek 2 atd.</param>
            <param name="startColumn">Počáteční sloupec pro načtení dat. Zadejte 0 pro sloupec A, 1 pro sloupec B atd.</param>
            <param name="readAsString">Přepnout na načítání buněk jako řetězců</param>
            <returns name="data">Řádky dat z listu aplikace Excel</returns>
            <search>office,excel,spreadsheet</search>
        </member>
        <member name="M:DSOffice.Data.OpenXMLExportExcel(System.String,System.String,System.Object[][],System.Int32,System.Int32,System.Boolean,System.Boolean)">
            <summary>Zapisujte data do tabulky aplikace Microsoft Excel pomocí standardu Open XML.
            Data se zapíšou po řádcích s dílčími seznamy zapsanými do následujících řádků.
            Řádky a sloupce jsou indexovány podle nuly. Například hodnota v seznamu dat v [0,0]
            bude zapsána do buňky A1. Nulové hodnoty a prázdné seznamy se zapíšou jako prázdné buňky.</summary>
            <param name="filePath">Soubor představující sešit aplikace Excel</param>
            <param name="sheetName">Název listu obsahujícího data</param>
            <param name="startRow">Počáteční řádek pro zápis dat. Zadejte hodnotu 0 pro řádek 1, hodnotu 1 pro řádek 2 atd.</param>
            <param name="startColumn">Počáteční sloupec pro zápis dat. Zadejte hodnotu 0 pro sloupec A, hodnotu 1 pro sloupec B atd.</param>
            <param name="data">Data k zápisu do tabulky</param>
            <param name="overWrite">Přepnout na vymazání tabulky před zápisem</param>
            <param name="writeAsString">Přepnout na zapisování hodnot buněk jako řetězců</param>
            <search>office,excel,spreadsheet</search>
            <returns>Booleovská hodnota určující, zda je zápis do tabulky úspěšný.</returns>
        </member>
        <member name="T:DSOffice.OpenXmlHelper">
            <summary>Zabývá se načítáním a zápisem souborů aplikace Excel pomocí sady Open XML SDK.</summary>
        </member>
        <member name="M:DSOffice.OpenXmlHelper.Read(System.String,System.String,System.Int32,System.Int32,System.Boolean)">
            <summary>Načte data z tabulky aplikace Excel pomocí sady Open XML SDK.</summary>
            <param name="filePath">Cesta k souboru sešitu aplikace Excel</param>
            <param name="sheetName">Název listu, který má být načten ze sešitu</param>
            <param name="startRow">Řádek, kde má začít načítání (podle nuly)</param>
            <param name="startColumn">Sloupec, kde začít načítání (podle nuly)</param>
            <param name="readAsString">Určí, zda se mají hodnoty buněk načíst jako řetězce nebo ne</param>
            <returns>Hodnoty buněk se přečtou z tabulky</returns>
        </member>
        <member name="M:DSOffice.OpenXmlHelper.Write(System.String,System.String,System.Object[][],System.Int32,System.Int32,System.Boolean,System.Boolean)">
            <summary>Zapíše data do tabulky aplikace Excel pomocí sady Open XML SDK.</summary>
            <param name="filePath">Cesta k souboru sešitu aplikace Excel. Pokud neexistuje, bude vytvořen nový sešit.</param>
            <param name="sheetName">Název listu, do kterého se má zapisovat v sešitu</param>
            <param name="data">Hodnoty dat, které mají být zapsány do buněk listu</param>
            <param name="startRow">Řádek, kde se má začít zapisovat (podle nuly)</param>
            <param name="startColumn">Sloupec, kde se má začít zapisovat (podle nuly)</param>
            <param name="overWrite">Určí, zda má být list před zapsáním znovu vytvořen</param>
            <param name="writeAsString">Určí, zda by hodnoty dat měly být zapsány jako řetězce nebo ne</param>
            <returns>Booleovská hodnota určující, zda je zápis do tabulky úspěšný.</returns>
        </member>
        <member name="M:DSOffice.OpenXmlHelper.GetLargestColumnIndex(DocumentFormat.OpenXml.Spreadsheet.SheetData)">
            <summary>U daných dat listu vrací největší index sloupce pro všechny řádky.</summary>
            <param name="sheetData">Data listu</param>
            <returns>Byl nalezen největší index sloupce</returns>
        </member>
        <member name="M:DSOffice.OpenXmlHelper.GetCellReference(System.Int32,System.UInt32)">
            <summary>U daných indexů sloupců a řádků, jako 3 a 7, vrací referenci buňky, v tomto případě C7.</summary>
            <param name="columnIndex">Index sloupce (podle 1)</param>
            <param name="rowIndex">Index řádku (podle 1)</param>
            <returns>Reference buňky, která odpovídá zadanému sloupci a indexu</returns>
        </member>
        <member name="M:DSOffice.OpenXmlHelper.GetColumnIndex(System.String)">
            <summary>U dané reference buňky, jako C7, vrací index sloupce, v tomto případě C = 3.</summary>
            <param name="cellReference">Reference buňky jako C7</param>
            <returns>Index sloupce (podle 1) odpovídá posloupnosti písmen označující sloupec buňky</returns>
        </member>
        <member name="M:DSOffice.OpenXmlHelper.GetCellValue(DocumentFormat.OpenXml.Spreadsheet.Cell,DocumentFormat.OpenXml.Spreadsheet.SharedStringTable,DocumentFormat.OpenXml.Spreadsheet.Stylesheet,System.Boolean)">
            <summary>Získá hodnotu z buňky a volitelně ji převede na řetězec.</summary>
            <param name="cell">Buňka, ze které se získá hodnota</param>
            <param name="sharedStringTable">Struktura tabulky, která obsahuje skutečné hodnoty řetězců</param>
            <param name="stylesheet">Část stylu v rámci tabulky obsahující informace o formátování</param>
            <param name="readAsString">Pokud je hodnota true, bude vrácen řetězec místo skutečné hodnoty buňky</param>
            <returns>Hodnota uvnitř buňky, může být převedena na řetězec</returns>
        </member>
        <member name="M:DSOffice.OpenXmlHelper.GetWorksheetPart(DocumentFormat.OpenXml.Packaging.SpreadsheetDocument,System.String)">
            <summary>Získá list s určeným názvem z dokumentu.</summary>
            <param name="document">Dokument, odkud se má sešit získat</param>
            <param name="sheetName">Název listu, který se má získat</param>
            <returns>List se zadaným názvem nebo s hodnotou null, pokud nebyl nalezen</returns>
        </member>
        <member name="M:DSOffice.OpenXmlHelper.ContainsFunction(System.Object[][])">
            <summary>Zkontroluje, zda předaná data obsahují funkci.</summary>
            <param name="data"/>
            <returns/>
        </member>
        <member name="M:DSOffice.OpenXmlHelper.OpenOrCreate(System.String,System.String)">
            <summary>Otevře existující sešit nebo vytvoří zcela nový v zadané cestě souboru.</summary>
            <param name="filePath">Cesta k souboru, kde se nachází nebo kde by měl být vytvořen sešit</param>
            <param name="sheetName">V případě vytvoření nového sešitu bude tento název použit v listu</param>
            <returns>Dokument tabulky</returns>
        </member>
        <member name="M:DSOffice.OpenXmlHelper.AddDefaultStyles(DocumentFormat.OpenXml.Spreadsheet.Stylesheet)">
            <summary>Přidá do šablony stylů výchozí styly, aby aplikace Office nerozpoznala tabulku jako poškozenou.</summary>
            <param name="stylesheet">Část šablon stylů v rámci nového dokumentu</param>
        </member>
        <member name="M:DSOffice.OpenXmlHelper.RemoveWorksheetPart(DocumentFormat.OpenXml.Packaging.SpreadsheetDocument,DocumentFormat.OpenXml.Packaging.WorksheetPart)">
            <summary>Odebere z dokumentu list.</summary>
            <param name="document">Dokument, ze kterého se má list odebrat</param>
            <param name="worksheetPart">List k odebrání</param>
        </member>
        <member name="M:DSOffice.OpenXmlHelper.AddWorksheetPart(DocumentFormat.OpenXml.Packaging.SpreadsheetDocument,System.String)">
            <summary>Přidá do dokumentu list.</summary>
            <param name="document">Dokument, do kterého se má přidat list</param>
            <param name="sheetName">Název listu, který má být přidán</param>
            <returns/>
        </member>
        <member name="M:DSOffice.OpenXmlHelper.SetCellValue(System.Object,DocumentFormat.OpenXml.Spreadsheet.Cell,DocumentFormat.OpenXml.Spreadsheet.SharedStringTable,DocumentFormat.OpenXml.Spreadsheet.Stylesheet,System.Boolean)">
            <summary>Nastaví hodnotu buňky, volitelně ji nejprve převede na řetězec.</summary>
            <param name="value">Hodnota, která se má nastavit v buňce</param>
            <param name="cell">Buňka, kde má být nastavena hodnota</param>
            <param name="sharedStringTable">Struktura tabulky, která obsahuje skutečné hodnoty řetězců</param>
            <param name="stylesheet">Část stylu v rámci tabulky obsahující informace o formátování</param>
            <param name="writeAsString">Pokud je hodnota true, hodnota bude před zápisem do buňky převedena na řetězec</param>
        </member>
        <member name="T:DSOffice.Properties.Resources">
            <summary>Třída prostředků silného typu k vyhledávání lokalizovaných řetězců apod.</summary>
        </member>
        <member name="P:DSOffice.Properties.Resources.ResourceManager">
            <summary>Vrátí instanci třídy ResourceManager uloženou ve vyrovnávací paměti, která je použita touto třídou.</summary>
        </member>
        <member name="P:DSOffice.Properties.Resources.Culture">
            <summary>Přepíše vlastnost CurrentUICulture aktuálního vlákna pro všechna
              vyhledávání prostředků pomocí této třídy prostředků silného typu.</summary>
        </member>
        <member name="P:DSOffice.Properties.Resources.ExcelCommunicationError">
            <summary>Vyhledá lokalizovaný řetězec podobný řetězci „Při nastavování komunikace s aplikací Excel došlo k chybě. Pokuste se zavřít všechny otevřené instance aplikace Excel.“.</summary>
        </member>
        <member name="P:DSOffice.Properties.Resources.ExcelNotInstalled">
            <summary>Vyhledá lokalizovaný řetězec podobný řetězci „Aplikace Excel není nainstalována.“ href=ExcelNotInstalled.html.</summary>
        </member>
        <member name="P:DSOffice.Properties.Resources.kMethodResolutionFailureWithTypes">
            <summary>Vyhledá lokalizovaný řetězec podobný řetězci „Jeden nebo více typů vstupů se neshoduje. Nebylo možné najít verzi funkce {0}, která přijímá argumenty typu {1}.“.</summary>
        </member>
        <member name="P:DSOffice.Properties.Resources.ReadObsolete">
            <summary>Vyhledá lokalizovaný řetězec podobný řetězci „Použijte místo toho uzel File.FromPath -&gt; Excel.ReadFromFile.“.</summary>
        </member>
        <member name="P:DSOffice.Properties.Resources.WorkbookNotFound">
            <summary>Vyhledá lokalizovaný řetězec podobný řetězci V zadané cestě nebyl nalezen sešit..</summary>
        </member>
        <member name="P:DSOffice.Properties.Resources.WorksheetNotFound">
            <summary>Vyhledá lokalizovaný řetězec podobný řetězci List se zadaným názvem '{0}' nebyl nalezen v sešitu..</summary>
        </member>
    </members>
</doc>