<?xml version="1.0"?><doc>
    <assembly>
        <name>DynamoArduino</name>
    </assembly>
    <members>
        <member name="T:Dynamo.Nodes.Properties.Resources">
            <summary>Třída prostředků silného typu k vyhledávání lokalizovaných řetězců apod.</summary>
        </member>
        <member name="P:Dynamo.Nodes.Properties.Resources.ResourceManager">
            <summary>Vrátí instanci třídy ResourceManager uloženou ve vyrovnávací paměti, která je použita touto třídou.</summary>
        </member>
        <member name="P:Dynamo.Nodes.Properties.Resources.Culture">
            <summary>Přepíše vlastnost CurrentUICulture aktuálního vlákna pro všechna
              vyhledávání prostředků pomocí této třídy prostředků silného typu.</summary>
        </member>
        <member name="P:Dynamo.Nodes.Properties.Resources.ArduinoDescription">
            <summary>Vyhledá lokalizovaný řetězec podobný řetězci „Spravuje připojení k mikrořadiči Arduino.“.</summary>
        </member>
        <member name="P:Dynamo.Nodes.Properties.Resources.ArduinoPortDataExecToolTip">
            <summary>Vyhledá lokalizovaný řetězec podobný řetězci „Interval provedení“.</summary>
        </member>
        <member name="P:Dynamo.Nodes.Properties.Resources.ArduinoPortDataOutputToolTip">
            <summary>Vyhledá lokalizovaný řetězec podobný řetězci „Sériový port pro pozdější čtení/zápis“.</summary>
        </member>
        <member name="P:Dynamo.Nodes.Properties.Resources.ArduinoReadPortDataOutputToolTip">
            <summary>Vyhledá lokalizovaný řetězec podobný řetězci „Linka sériového výstupu“.</summary>
        </member>
        <member name="P:Dynamo.Nodes.Properties.Resources.ArduinoWritePortDataOutputToolTip">
            <summary>Vyhledá lokalizovaný řetězec podobný řetězci „Určuje, zda byla operace úspěšná, či nikoli.“.</summary>
        </member>
        <member name="P:Dynamo.Nodes.Properties.Resources.ArduionReadPortDataDelimiterToolTip">
            <summary>Vyhledá lokalizovaný řetězec podobný řetězci „Oddělovač ve vašich datech pochází z Arduino.“.</summary>
        </member>
        <member name="P:Dynamo.Nodes.Properties.Resources.ArduionWritePortDataTextToolTip">
            <summary>Vyhledá lokalizovaný řetězec podobný řetězci „Text, který má být zapsán“.</summary>
        </member>
        <member name="P:Dynamo.Nodes.Properties.Resources.PortDataArduinoToolTip">
            <summary>Vyhledá lokalizovaný řetězec podobný řetězci „Sériové připojení Arduino“.</summary>
        </member>
        <member name="P:Dynamo.Nodes.Properties.Resources.ReadArduinoDescription">
            <summary>Vyhledá lokalizovaný řetězec podobný řetězci „Čte hodnoty z mikrořadiče Arduino.“.</summary>
        </member>
        <member name="P:Dynamo.Nodes.Properties.Resources.WriteArduinoDescription">
            <summary>Vyhledá lokalizovaný řetězec podobný řetězci „Zapisuje hodnoty do mikrořadiče Arduino.“.</summary>
        </member>
    </members>
</doc>