<?xml version="1.0"?><doc>
    <assembly>
        <name>GeometryColor</name>
    </assembly>
    <members>
        <member name="M:Modifiers.GeometryColor.ByGeometryColor(Autodesk.DesignScript.Geometry.Geometry,DSCore.Color)">
            <summary>Zobrazit geometrii v barvě.</summary>
            <param name="geometry">Geometrie, kterou chcete použít barvu.</param>
            <param name="color">Barva.</param>
            <returns>Objekt zobrazení.</returns>
        </member>
        <member name="M:Modifiers.GeometryColor.BySurfaceColors(Autodesk.DesignScript.Geometry.Surface,DSCore.Color[][])">
            <summary>Zobrazení hodnot barev na povrchu.

Barvy jsou interně převedeny na obrázek textury, který je mapován na povrch.</summary>
            <param name="surface">Povrch, na který mají být použity barvy.</param>
            <param name="colors">Dvojrozměrný seznam barev.

Seznam barev musí být čtvercový. Při pokusu o vložení klikatého pole dojde k výjimce.</param>
            <returns>Objekt zobrazení.</returns>
        </member>
        <member name="M:Modifiers.GeometryColor.ByPointsColors(Autodesk.DesignScript.Geometry.Point[],DSCore.Color[])">
            <summary>Vytvořte barevnou síť pomocí bodů a barev.

Seznam bodů se používá k tvorbě trojúhelníkové sítě s nespojenými vrcholy.</summary>
            <param name="points">Seznam bodů 
            
            Aktuálně jsou podporovány pouze trojúhelníkové sítě. Každá trojice bodů v seznamu bude tvořit jeden trojúhelník v síti. Body by měly být uspořádány pomocí PSHR.             Při pokusu o vložení seznamu vrcholů, jejichž počet není dělitelný 3, dojde k výjimce.</param>
            <param name="colors">Seznam barev 
            
            Počet barev musí odpovídat počtu vrcholů. Při pokusu o vložení seznamu barev, v němž není stejný počet barev jako v seznamu bodů, dojde k výjimce.</param>
            <returns>Objekt zobrazení.</returns>
        </member>
        <member name="M:Modifiers.GeometryColor.ComputeColorMap(Autodesk.DesignScript.Geometry.Surface,System.Collections.Generic.IEnumerable{Autodesk.DesignScript.Geometry.UV},DSCore.Color[],System.Int32,System.Int32)">
            <summary>Vypočítejte množinu barevných map z množiny objektů SurfaceData.</summary>
            <returns/>
        </member>
        <member name="M:Modifiers.GeometryColor.ComputeSamplesFromNormalizedValue(System.Double,System.Int32,System.Int32)">
            <summary>Tato metoda přemapuje číslo od 0.0 až 1.0 na celočíselnou hodnotu mezi hodnotami lowestpower a highestpower.</summary>
        </member>
        <member name="T:GeometryColor.Properties.Resources">
            <summary>Třída prostředků silného typu k vyhledávání lokalizovaných řetězců apod.</summary>
        </member>
        <member name="P:GeometryColor.Properties.Resources.ResourceManager">
            <summary>Vrátí instanci ResourceManager uloženou ve vyrovnávací paměti, která je použita touto třídou.</summary>
        </member>
        <member name="P:GeometryColor.Properties.Resources.Culture">
            <summary>Přepíše vlastnost CurrentUICulture aktuálního vlákna pro všechna vyhledávání prostředků používající tuto třídu prostředků silného typu.</summary>
        </member>
        <member name="P:GeometryColor.Properties.Resources.JaggedListExceptionMessage">
            <summary>Vyhledá lokalizovaný řetězec podobný řetězci „Seznam barev nesmí být vícenásobný seznam“.</summary>
        </member>
        <member name="P:GeometryColor.Properties.Resources.NoColorsExceptionMessage">
            <summary>Vyhledá lokalizovaný řetězec podobný řetězci „Je nutné zadat určité barvy.“.</summary>
        </member>
        <member name="P:GeometryColor.Properties.Resources.NoVertexExceptionMessage">
            <summary>Vyhledá lokalizovaný řetězec podobný řetězci „Je nutné zadat určité vrcholy".</summary>
        </member>
        <member name="P:GeometryColor.Properties.Resources.TwoDimensionalListExceptionMessage">
            <summary>Vyhledá lokalizovaný řetězec podobný řetězci „Je nutné zadat dvojrozměrný seznam barev“.</summary>
        </member>
        <member name="P:GeometryColor.Properties.Resources.VertexColorCountMismatchExceptionMessage">
            <summary>Vyhledá lokalizovaný řetězec podobný řetězci „Počet zadaných barev musí odpovídat počtu vrcholů“.</summary>
        </member>
        <member name="P:GeometryColor.Properties.Resources.VerticesDivisibleByThreeExceptionMessage">
            <summary>Vyhledá lokalizovaný řetězec podobný řetězci „Počet zadaných vrcholů musí být dělitelný třemi.“.</summary>
        </member>
    </members>
</doc>