<?xml version="1.0"?><doc>
    <assembly>
        <name>DynamoArduino</name>
    </assembly>
    <members>
        <member name="T:Dynamo.Nodes.Properties.Resources">
            <summary>Eine stark typisierte Ressourcenklasse zum Nachschlagen lokalisierter Zeichenfolgen usw.</summary>
        </member>
        <member name="P:Dynamo.Nodes.Properties.Resources.ResourceManager">
            <summary>Gibt die von dieser Klasse verwendete im Cache gespeicherte Instanz von ResourceManager zurück.</summary>
        </member>
        <member name="P:Dynamo.Nodes.Properties.Resources.Culture">
            <summary>Überschreibt die Eigenschaft CurrentUICulture des aktuellen Threads für alle
              Ressourcensuchen unter Verwendung dieser stark typisierten Ressourcenklasse.</summary>
        </member>
        <member name="P:Dynamo.Nodes.Properties.Resources.ArduinoDescription">
            <summary>Sucht eine lokalisierte Zeichenfolge ähnlich wie Verwaltet die Verbindung zu einem Arduino-Mikrocontroller.</summary>
        </member>
        <member name="P:Dynamo.Nodes.Properties.Resources.ArduinoPortDataExecToolTip">
            <summary>Sucht eine lokalisierte Zeichenfolge ähnlich wie Ausführungsintervall.</summary>
        </member>
        <member name="P:Dynamo.Nodes.Properties.Resources.ArduinoPortDataOutputToolTip">
            <summary>Sucht eine lokalisierte Zeichenfolge ähnlich wie Serieller Anschluss für späteres Lesen/Schreiben.</summary>
        </member>
        <member name="P:Dynamo.Nodes.Properties.Resources.ArduinoReadPortDataOutputToolTip">
            <summary>Sucht eine lokalisierte Zeichenfolge ähnlich wie Serielle Ausgabezeile.</summary>
        </member>
        <member name="P:Dynamo.Nodes.Properties.Resources.ArduinoWritePortDataOutputToolTip">
            <summary>Sucht eine lokalisierte Zeichenfolge ähnlich wie Gibt an, ob der Vorgang erfolgreich war.</summary>
        </member>
        <member name="P:Dynamo.Nodes.Properties.Resources.ArduionReadPortDataDelimiterToolTip">
            <summary>Sucht eine lokalisierte Zeichenfolge ähnlich wie Das Begrenzungszeichen in den Daten aus Arduino.</summary>
        </member>
        <member name="P:Dynamo.Nodes.Properties.Resources.ArduionWritePortDataTextToolTip">
            <summary>Sucht eine lokalisierte Zeichenfolge ähnlich wie Zu schreibender Text.</summary>
        </member>
        <member name="P:Dynamo.Nodes.Properties.Resources.PortDataArduinoToolTip">
            <summary>Sucht eine lokalisierte Zeichenfolge ähnlich wie Serielle Verbindung zu Arduino.</summary>
        </member>
        <member name="P:Dynamo.Nodes.Properties.Resources.ReadArduinoDescription">
            <summary>Sucht eine lokalisierte Zeichenfolge ähnlich wie Liest Werte aus einem Arduino-Mikrocontroller.</summary>
        </member>
        <member name="P:Dynamo.Nodes.Properties.Resources.WriteArduinoDescription">
            <summary>Sucht eine lokalisierte Zeichenfolge ähnlich wie Schreibt Werte in einen Arduino-Mikrocontroller.</summary>
        </member>
    </members>
</doc>